course_detail,frame,fukusho,futan,gap,horse,horse_num,jockey,odds,pop,race_category,race_condition,race_date,race_name,race_num,rank,run_count,sexage,stable,tansho,time,weight
芝1200m (右),8,110,54.0,,ミーアシャム,11,北村友,1.9,1,2回小倉9日目 ２歳 ,天気：曇 / 馬場：良 / 発走：09:50,2019/08/24(土),２歳未勝利,1,1,11.0,牝2,(栗東)池添学,190,1:09.3,444(-2)
芝1200m (右),8,150,54.0,1/2,マイレリーフ,10,田中健,5.7,3,2回小倉9日目 ２歳 ,天気：曇 / 馬場：良 / 発走：09:50,2019/08/24(土),２歳未勝利,1,2,11.0,牝2,(栗東)荒川,0,1:09.4,410(-6)
芝1200m (右),2,290,54.0,1.1/4,メイショウユリシス,2,秋山,15.7,5,2回小倉9日目 ２歳 ,天気：曇 / 馬場：良 / 発走：09:50,2019/08/24(土),２歳未勝利,1,3,11.0,牝2,(栗東)高橋亮,0,1:09.6,464(0)
芝1200m (右),5,0,54.0,ハナ,オークレイコート,5,中谷,4.8,2,2回小倉9日目 ２歳 ,天気：曇 / 馬場：良 / 発走：09:50,2019/08/24(土),２歳未勝利,1,4,11.0,牝2,(栗東)谷,0,1:09.6,438(-4)
芝1200m (右),7,0,54.0,クビ,グレースオブナイル,8,松若,21.3,8,2回小倉9日目 ２歳 ,天気：曇 / 馬場：良 / 発走：09:50,2019/08/24(土),２歳未勝利,1,5,11.0,牝2,(栗東)杉山,0,1:09.6,422(-12)
芝1200m (右),3,0,51.0,2.1/2,ハルハアケボノ,3,▲岩田望,19.2,7,2回小倉9日目 ２歳 ,天気：曇 / 馬場：良 / 発走：09:50,2019/08/24(土),２歳未勝利,1,6,11.0,牝2,(栗東)牧浦,0,1:10.0,446(-4)
芝1200m (右),6,0,54.0,クビ,アマノエリザベート,6,幸,18.7,6,2回小倉9日目 ２歳 ,天気：曇 / 馬場：良 / 発走：09:50,2019/08/24(土),２歳未勝利,1,7,11.0,牝2,(栗東)中竹,0,1:10.0,462(-8)
芝1200m (右),1,0,54.0,アタマ,カンゼオン,1,小牧,235.6,9,2回小倉9日目 ２歳 ,天気：曇 / 馬場：良 / 発走：09:50,2019/08/24(土),２歳未勝利,1,8,11.0,牝2,(栗東)服部,0,1:10.0,418(-8)
芝1200m (右),7,0,51.0,1/2,ミヤコシスター,9,▲斎藤,14.7,4,2回小倉9日目 ２歳 ,天気：曇 / 馬場：良 / 発走：09:50,2019/08/24(土),２歳未勝利,1,9,11.0,牝2,(栗東)浅見,0,1:10.1,466(-12)
芝1200m (右),4,0,54.0,2.1/2,ノブフランクリン,4,高田,259.4,10,2回小倉9日目 ２歳 ,天気：曇 / 馬場：良 / 発走：09:50,2019/08/24(土),２歳未勝利,1,10,11.0,牝2,(栗東)坂口,0,1:10.5,414(+6)
芝1200m (右),6,0,51.0,4,フシミパオラー,7,▲亀田,329.3,11,2回小倉9日目 ２歳 ,天気：曇 / 馬場：良 / 発走：09:50,2019/08/24(土),２歳未勝利,1,11,11.0,牝2,(栗東)田所,0,1:11.2,382(-4)
芝1800m (右),3,110,54.0,,クリスティ,3,福永,1.7,1,2回小倉9日目 ２歳 ,天気：曇 / 馬場：良 / 発走：10:15,2019/08/24(土),２歳未勝利,2,1,9.0,牝2,(栗東)杉山,170,1:49.5,466(+2)
芝1800m (右),6,120,54.0,3,スズカデレヤ,6,幸,6.3,2,2回小倉9日目 ２歳 ,天気：曇 / 馬場：良 / 発走：10:15,2019/08/24(土),２歳未勝利,2,2,9.0,牡2,(栗東)大橋,0,1:50.0,496(+6)
芝1800m (右),2,140,54.0,クビ,ヴァイスリヒト,2,北村友,6.5,3,2回小倉9日目 ２歳 ,天気：曇 / 馬場：良 / 発走：10:15,2019/08/24(土),２歳未勝利,2,3,9.0,牡2,(栗東)木原,0,1:50.0,456(-4)
芝1800m (右),7,0,51.0,クビ,サウンドロマン,7,▲岩田望,8.3,4,2回小倉9日目 ２歳 ,天気：曇 / 馬場：良 / 発走：10:15,2019/08/24(土),２歳未勝利,2,4,9.0,牝2,(栗東)高橋康,0,1:50.0,488(+10)
芝1800m (右),8,0,54.0,2.1/2,ヴィサルガ,9,和田,31.7,6,2回小倉9日目 ２歳 ,天気：曇 / 馬場：良 / 発走：10:15,2019/08/24(土),２歳未勝利,2,5,9.0,牡2,(栗東)西浦,0,1:50.4,472(-8)
芝1800m (右),5,0,51.0,1,アポロアベリア,5,▲服部,222.8,9,2回小倉9日目 ２歳 ,天気：曇 / 馬場：良 / 発走：10:15,2019/08/24(土),２歳未勝利,2,6,9.0,牡2,(栗東)山内,0,1:50.6,522(+4)
芝1800m (右),1,0,51.0,1.1/4,メイショウカミング,1,▲斎藤,40.8,8,2回小倉9日目 ２歳 ,天気：曇 / 馬場：良 / 発走：10:15,2019/08/24(土),２歳未勝利,2,7,9.0,牡2,(栗東)河内,0,1:50.8,456(-4)
芝1800m (右),8,0,54.0,3/4,ルヴァン,8,藤岡康,11.6,5,2回小倉9日目 ２歳 ,天気：曇 / 馬場：良 / 発走：10:15,2019/08/24(土),２歳未勝利,2,8,9.0,牡2,(栗東)清水久,0,1:50.9,454(-2)
芝1800m (右),4,0,54.0,5,ヴァーユ,4,松山,38.2,7,2回小倉9日目 ２歳 ,天気：曇 / 馬場：良 / 発走：10:15,2019/08/24(土),２歳未勝利,2,9,9.0,牡2,(栗東)森,0,1:51.7,490(-8)
ダ1000m (右),1,180,56.0,,ストームガスト,1,松山,4.8,4,2回小倉9日目 ３歳 ,天気：曇 / 馬場：稍重 / 発走：10:45,2019/08/24(土),３歳未勝利,3,1,14.0,牡3,(栗東)寺島,480,0:58.5,462(-2)
ダ1000m (右),3,150,54.0,2.1/2,クーファピーカブー,4,田中健,4.1,2,2回小倉9日目 ３歳 ,天気：曇 / 馬場：稍重 / 発走：10:45,2019/08/24(土),３歳未勝利,3,2,14.0,牝3,(栗東)浅見,0,0:58.9,456(0)
ダ1000m (右),6,270,51.0,1.3/4,ガールズロック,9,▲岩田望,13.8,6,2回小倉9日目 ３歳 ,天気：曇 / 馬場：稍重 / 発走：10:45,2019/08/24(土),３歳未勝利,3,3,14.0,牝3,(栗東)梅田,0,0:59.2,444(+12)
ダ1000m (右),6,0,54.0,1.1/2,○外ストームハート,10,福永,8.2,5,2回小倉9日目 ３歳 ,天気：曇 / 馬場：稍重 / 発走：10:45,2019/08/24(土),３歳未勝利,3,4,14.0,牝3,(栗東)野中,0,0:59.4,498(0)
ダ1000m (右),3,0,54.0,3/4,イニシエーター,3,川須,3.6,1,2回小倉9日目 ３歳 ,天気：曇 / 馬場：稍重 / 発走：10:45,2019/08/24(土),３歳未勝利,3,5,14.0,牝3,(栗東)斉藤崇,0,0:59.5,448(-2)
ダ1000m (右),7,0,56.0,2,メイショウワカタケ,11,太宰,79.0,10,2回小倉9日目 ３歳 ,天気：曇 / 馬場：稍重 / 発走：10:45,2019/08/24(土),３歳未勝利,3,6,14.0,牡3,(栗東)高橋亮,0,0:59.9,448(-12)
ダ1000m (右),4,0,56.0,クビ,オールマイト,5,小牧,155.2,13,2回小倉9日目 ３歳 ,天気：曇 / 馬場：稍重 / 発走：10:45,2019/08/24(土),３歳未勝利,3,7,14.0,牡3,(栗東)服部,0,0:59.9,482(+8)
ダ1000m (右),5,0,54.0,ハナ,メモリーバリケード,8,藤岡佑,60.8,7,2回小倉9日目 ３歳 ,天気：曇 / 馬場：稍重 / 発走：10:45,2019/08/24(土),３歳未勝利,3,8,14.0,牝3,(栗東)斉藤崇,0,0:59.9,400(+2)
ダ1000m (右),7,0,56.0,クビ,グローバルステップ,12,酒井,73.9,9,2回小倉9日目 ３歳 ,天気：曇 / 馬場：稍重 / 発走：10:45,2019/08/24(土),３歳未勝利,3,9,14.0,牡3,(栗東)橋口,0,0:59.9,468(-4)
ダ1000m (右),8,0,56.0,1/2,クリー,14,幸,4.2,3,2回小倉9日目 ３歳 ,天気：曇 / 馬場：稍重 / 発走：10:45,2019/08/24(土),３歳未勝利,3,10,14.0,牡3,(栗東)安達,0,1:00.0,468(+2)
ダ1000m (右),5,0,56.0,1.3/4,モズファヴォリート,7,藤岡康,84.2,11,2回小倉9日目 ３歳 ,天気：曇 / 馬場：稍重 / 発走：10:45,2019/08/24(土),３歳未勝利,3,11,14.0,牡3,(栗東)鮫島,0,1:00.3,518(0)
ダ1000m (右),2,0,53.0,1.1/2,テーオースパーク,2,▲亀田,318.2,14,2回小倉9日目 ３歳 ,天気：曇 / 馬場：稍重 / 発走：10:45,2019/08/24(土),３歳未勝利,3,12,14.0,牡3,(栗東)岡田,0,1:00.5,426(-3)
ダ1000m (右),4,0,56.0,1.1/2,ラテントパワーズ,6,水口,62.4,8,2回小倉9日目 ３歳 ,天気：曇 / 馬場：稍重 / 発走：10:45,2019/08/24(土),３歳未勝利,3,13,14.0,牡3,(栗東)吉田,0,1:00.8,520(+10)
ダ1000m (右),8,0,54.0,1.3/4,エイシントロイ,13,松若,100.9,12,2回小倉9日目 ３歳 ,天気：曇 / 馬場：稍重 / 発走：10:45,2019/08/24(土),３歳未勝利,3,14,14.0,牝3,(栗東)渡辺,0,1:01.1,412(-10)
芝2000m (右),1,180,56.0,,ゴースト,2,松山,5.0,3,2回小倉9日目 ３歳 ,天気：曇 / 馬場：良 / 発走：11:15,2019/08/24(土),３歳未勝利,4,1,18.0,セ3,(栗東)橋口,500,2:00.7,490(+8)
芝2000m (右),2,630,54.0,3,ローザンヌ,4,酒井,23.3,9,2回小倉9日目 ３歳 ,天気：曇 / 馬場：良 / 発走：11:15,2019/08/24(土),３歳未勝利,4,2,18.0,牝3,(栗東)角居,0,2:01.2,468(-2)
芝2000m (右),4,380,53.0,1/2,ランドリュウオー,8,▲斎藤,12.6,5,2回小倉9日目 ３歳 ,天気：曇 / 馬場：良 / 発走：11:15,2019/08/24(土),３歳未勝利,4,3,18.0,牡3,(栗東)安達,0,2:01.3,438(-4)
芝2000m (右),8,0,54.0,1.1/4,ナチュラルスタイル,18,松若,78.9,14,2回小倉9日目 ３歳 ,天気：曇 / 馬場：良 / 発走：11:15,2019/08/24(土),３歳未勝利,4,4,18.0,牝3,(栗東)角居,0,2:01.5,394(-12)
芝2000m (右),3,0,54.0,クビ,プロム,6,小崎,7.7,4,2回小倉9日目 ３歳 ,天気：曇 / 馬場：良 / 発走：11:15,2019/08/24(土),３歳未勝利,4,5,18.0,牝3,(栗東)宮,0,2:01.5,470(-4)
芝2000m (右),5,0,54.0,1.1/4,オノーレペスカ,10,藤岡佑,92.5,15,2回小倉9日目 ３歳 ,天気：曇 / 馬場：良 / 発走：11:15,2019/08/24(土),３歳未勝利,4,6,18.0,牝3,(栗東)角田,0,2:01.7,426(0)
芝2000m (右),8,0,56.0,1,サトノライジン,17,和田,19.5,8,2回小倉9日目 ３歳 ,天気：曇 / 馬場：良 / 発走：11:15,2019/08/24(土),３歳未勝利,4,7,18.0,牡3,(栗東)南井,0,2:01.9,512(+2)
芝2000m (右),7,0,53.0,3/4,ケルンキングダム,15,▲岩田望,19.4,7,2回小倉9日目 ３歳 ,天気：曇 / 馬場：良 / 発走：11:15,2019/08/24(土),３歳未勝利,4,8,18.0,セ3,(栗東)松田,0,2:02.0,430(+8)
芝2000m (右),1,0,56.0,アタマ,クリノオオクニヌシ,1,田中健,18.8,6,2回小倉9日目 ３歳 ,天気：曇 / 馬場：良 / 発走：11:15,2019/08/24(土),３歳未勝利,4,9,18.0,牡3,(栗東)荒川,0,2:02.0,460(-6)
芝2000m (右),6,0,56.0,ハナ,リスト,12,藤岡康,71.0,12,2回小倉9日目 ３歳 ,天気：曇 / 馬場：良 / 発走：11:15,2019/08/24(土),３歳未勝利,4,10,18.0,牡3,(栗東)池江,0,2:02.0,494(0)
芝2000m (右),5,0,56.0,クビ,ルデュック,9,藤井勘,3.4,1,2回小倉9日目 ３歳 ,天気：曇 / 馬場：良 / 発走：11:15,2019/08/24(土),３歳未勝利,4,11,18.0,牡3,(栗東)池江,0,2:02.1,474(+4)
芝2000m (右),3,0,56.0,1/2,ダブルクラッチ,5,岡田,35.9,11,2回小倉9日目 ３歳 ,天気：曇 / 馬場：良 / 発走：11:15,2019/08/24(土),３歳未勝利,4,12,18.0,牡3,(栗東)野中,0,2:02.2,472(+6)
芝2000m (右),6,0,56.0,ハナ,シャドウアロング,11,福永,4.3,2,2回小倉9日目 ３歳 ,天気：曇 / 馬場：良 / 発走：11:15,2019/08/24(土),３歳未勝利,4,13,18.0,牡3,(栗東)藤原英,0,2:02.2,478(+10)
芝2000m (右),2,0,56.0,クビ,ニホンピロターナー,3,小牧,75.7,13,2回小倉9日目 ３歳 ,天気：曇 / 馬場：良 / 発走：11:15,2019/08/24(土),３歳未勝利,4,14,18.0,牡3,(栗東)服部,0,2:02.2,478(-4)
芝2000m (右),7,0,53.0,1.1/2,スズカコンパス,14,▲亀田,335.7,16,2回小倉9日目 ３歳 ,天気：曇 / 馬場：良 / 発走：11:15,2019/08/24(土),３歳未勝利,4,15,18.0,牡3,(栗東)木原,0,2:02.4,428(-2)
芝2000m (右),4,0,56.0,1.1/4,ヤマカツマッハ,7,幸,25.0,10,2回小倉9日目 ３歳 ,天気：曇 / 馬場：良 / 発走：11:15,2019/08/24(土),３歳未勝利,4,16,18.0,牡3,(栗東)池添兼,0,2:02.6,498(-4)
芝2000m (右),8,0,56.0,9,メイショウドウダン,16,鮫島良,353.7,17,2回小倉9日目 ３歳 ,天気：曇 / 馬場：良 / 発走：11:15,2019/08/24(土),３歳未勝利,4,17,18.0,牡3,(栗東)松永昌,0,2:04.1,436(+4)
芝2000m (右),7,0,56.0,大,タマモパスクワ,13,中井,414.4,18,2回小倉9日目 ３歳 ,天気：曇 / 馬場：良 / 発走：11:15,2019/08/24(土),３歳未勝利,4,18,18.0,牡3,(栗東)川村,0,2:06.6,484(+10)
芝1200m (右),6,370,54.0,,マイネルヘルト,7,国分優,24.7,7,2回小倉9日目 ２歳 ,天気：曇 / 馬場：良 / 発走：12:05,2019/08/24(土),２歳新馬,5,1,11.0,牡2,(栗東)西園,2470,1:10.2,410(0)
芝1200m (右),7,110,54.0,アタマ,エグレムニ,9,松若,1.9,1,2回小倉9日目 ２歳 ,天気：曇 / 馬場：良 / 発走：12:05,2019/08/24(土),２歳新馬,5,2,11.0,牡2,(栗東)加用,0,1:10.2,454(0)
芝1200m (右),5,160,54.0,1,ネクストエピソード,5,松山,6.2,3,2回小倉9日目 ２歳 ,天気：曇 / 馬場：良 / 発走：12:05,2019/08/24(土),２歳新馬,5,3,11.0,牝2,(栗東)吉村,0,1:10.4,394(0)
芝1200m (右),3,0,51.0,3,スマートクリオス,3,▲岩田望,13.9,5,2回小倉9日目 ２歳 ,天気：曇 / 馬場：良 / 発走：12:05,2019/08/24(土),２歳新馬,5,4,11.0,牝2,(栗東)寺島,0,1:10.9,472(0)
芝1200m (右),8,0,54.0,クビ,メイショウケアラシ,10,和田,5.2,2,2回小倉9日目 ２歳 ,天気：曇 / 馬場：良 / 発走：12:05,2019/08/24(土),２歳新馬,5,5,11.0,牡2,(栗東)飯田祐,0,1:10.9,480(0)
芝1200m (右),7,0,54.0,2,ペイダート,8,福永,15.3,6,2回小倉9日目 ２歳 ,天気：曇 / 馬場：良 / 発走：12:05,2019/08/24(土),２歳新馬,5,6,11.0,牡2,(栗東)石坂正,0,1:11.2,486(0)
芝1200m (右),6,0,54.0,3/4,テイエムワールド,6,田中健,96.5,11,2回小倉9日目 ２歳 ,天気：曇 / 馬場：良 / 発走：12:05,2019/08/24(土),２歳新馬,5,7,11.0,牡2,(栗東)木原,0,1:11.3,452(0)
芝1200m (右),4,0,54.0,2.1/2,ステーションワン,4,川須,72.1,9,2回小倉9日目 ２歳 ,天気：曇 / 馬場：良 / 発走：12:05,2019/08/24(土),２歳新馬,5,8,11.0,牡2,(栗東)牧田,0,1:11.7,450(0)
芝1200m (右),8,0,54.0,1.1/2,ウェーブモンスター,11,酒井,54.2,8,2回小倉9日目 ２歳 ,天気：曇 / 馬場：良 / 発走：12:05,2019/08/24(土),２歳新馬,5,9,11.0,牡2,(栗東)中尾,0,1:11.9,510(0)
芝1200m (右),1,0,54.0,5,ライジングペガサス,1,幸,10.5,4,2回小倉9日目 ２歳 ,天気：曇 / 馬場：良 / 発走：12:05,2019/08/24(土),２歳新馬,5,10,11.0,牡2,(栗東)西浦,0,1:12.8,470(0)
芝1200m (右),2,0,54.0,2.1/2,アウトラウド,2,水口,75.4,10,2回小倉9日目 ２歳 ,天気：曇 / 馬場：良 / 発走：12:05,2019/08/24(土),２歳新馬,5,11,11.0,牡2,(栗東)吉田,0,1:13.2,476(0)
ダ1700m (右),7,130,54.0,,レッドシルヴァーナ,13,松山,1.7,1,2回小倉9日目 ３歳 ,天気：曇 / 馬場：稍重 / 発走：12:35,2019/08/24(土),３歳未勝利,6,1.0,16.0,牝3,(栗東)松田,170,1:46.4,510(-4)
ダ1700m (右),5,250,54.0,2.1/2,メイショウミチノク,9,北村友,11.0,4,2回小倉9日目 ３歳 ,天気：曇 / 馬場：稍重 / 発走：12:35,2019/08/24(土),３歳未勝利,6,2.0,16.0,牝3,(栗東)高橋亮,0,1:46.8,462(+2)
ダ1700m (右),4,470,54.0,クビ,マティス,7,幸,31.8,8,2回小倉9日目 ３歳 ,天気：曇 / 馬場：稍重 / 発走：12:35,2019/08/24(土),３歳未勝利,6,3.0,16.0,牝3,(栗東)安達,0,1:46.9,452(0)
ダ1700m (右),8,0,54.0,5,カーディストリー,15,福永,10.4,3,2回小倉9日目 ３歳 ,天気：曇 / 馬場：稍重 / 発走：12:35,2019/08/24(土),３歳未勝利,6,4.0,16.0,牝3,(栗東)長谷川,0,1:47.8,452(-4)
ダ1700m (右),1,0,51.0,2.1/2,オーサムラン,1,▲服部,16.6,6,2回小倉9日目 ３歳 ,天気：曇 / 馬場：稍重 / 発走：12:35,2019/08/24(土),３歳未勝利,6,5.0,16.0,牝3,(栗東)河内,0,1:48.2,436(+4)
ダ1700m (右),3,0,51.0,ハナ,ケイティマドンナ,6,▲岩田望,6.6,2,2回小倉9日目 ３歳 ,天気：曇 / 馬場：稍重 / 発走：12:35,2019/08/24(土),３歳未勝利,6,6.0,16.0,牝3,(栗東)杉山,0,1:48.2,458(-4)
ダ1700m (右),1,0,54.0,1/2,アカマ,2,川須,135.3,15,2回小倉9日目 ３歳 ,天気：曇 / 馬場：稍重 / 発走：12:35,2019/08/24(土),３歳未勝利,6,7.0,16.0,牝3,(栗東)谷,0,1:48.3,440(-2)
ダ1700m (右),2,0,54.0,1.1/4,ビュブリス,4,酒井,92.3,12,2回小倉9日目 ３歳 ,天気：曇 / 馬場：稍重 / 発走：12:35,2019/08/24(土),３歳未勝利,6,8.0,16.0,牝3,(栗東)高野,0,1:48.5,480(-10)
ダ1700m (右),4,0,51.0,1,ラバーズケープ,8,▲斎藤,20.8,7,2回小倉9日目 ３歳 ,天気：曇 / 馬場：稍重 / 発走：12:35,2019/08/24(土),３歳未勝利,6,9.0,16.0,牝3,(栗東)安田隆,0,1:48.7,496(-2)
ダ1700m (右),2,0,54.0,4,クインズジャスミン,3,小崎,37.4,10,2回小倉9日目 ３歳 ,天気：曇 / 馬場：稍重 / 発走：12:35,2019/08/24(土),３歳未勝利,6,10.0,16.0,牝3,(栗東)野中,0,1:49.4,422(0)
ダ1700m (右),6,0,54.0,2.1/2,ワンダールウェス,11,松若,75.1,11,2回小倉9日目 ３歳 ,天気：曇 / 馬場：稍重 / 発走：12:35,2019/08/24(土),３歳未勝利,6,11.0,16.0,牝3,(栗東)今野,0,1:49.8,452(0)
ダ1700m (右),8,0,54.0,2,バブリーダンス,16,藤岡佑,32.9,9,2回小倉9日目 ３歳 ,天気：曇 / 馬場：稍重 / 発走：12:35,2019/08/24(土),３歳未勝利,6,12.0,16.0,牝3,(栗東)千田,0,1:50.1,450(-6)
ダ1700m (右),7,0,54.0,4,キャルグリーン,14,中谷,98.4,14,2回小倉9日目 ３歳 ,天気：曇 / 馬場：稍重 / 発走：12:35,2019/08/24(土),３歳未勝利,6,13.0,16.0,牝3,(栗東)吉村,0,1:50.8,442(-2)
ダ1700m (右),6,0,51.0,9,メイショウローザ,12,▲亀田,94.9,13,2回小倉9日目 ３歳 ,天気：曇 / 馬場：稍重 / 発走：12:35,2019/08/24(土),３歳未勝利,6,14.0,16.0,牝3,(栗東)笹田,0,1:52.2,462(0)
ダ1700m (右),3,0,54.0,大,ヤマニンポンペルモ,5,高倉,303.6,16,2回小倉9日目 ３歳 ,天気：曇 / 馬場：稍重 / 発走：12:35,2019/08/24(土),３歳未勝利,6,15.0,16.0,牝3,(栗東)河内,0,1:54.0,448(+8)
ダ1700m (右),5,0,54.0,中止,スピンク,10,藤岡康,12.4,5,2回小倉9日目 ３歳 ,天気：曇 / 馬場：稍重 / 発走：12:35,2019/08/24(土),３歳未勝利,6,,16.0,牝3,(栗東)斉藤崇,0,,440(+1)
芝1800m (右),2,110,49.0,,ビックピクチャー,2,▲岩田望,2.2,1,2回小倉9日目 ３歳上 ,天気：曇 / 馬場：良 / 発走：13:05,2019/08/24(土),３歳以上１勝クラス,7,1,15.0,牝3,(栗東)藤原英,220,1:47.0,418(0)
芝1800m (右),8,470,55.0,3.1/2,レディーキティ,14,藤井勘,61.1,8,2回小倉9日目 ３歳上 ,天気：曇 / 馬場：良 / 発走：13:05,2019/08/24(土),３歳以上１勝クラス,7,2,15.0,牝4,(栗東)野中,0,1:47.6,410(-4)
芝1800m (右),3,150,57.0,3/4,パンコミード,5,和田,2.4,2,2回小倉9日目 ３歳上 ,天気：曇 / 馬場：良 / 発走：13:05,2019/08/24(土),３歳以上１勝クラス,7,3,15.0,牡4,(栗東)角居,0,1:47.7,534(+24)
芝1800m (右),7,0,55.0,クビ,ルエヴェルロール,12,松若,12.1,4,2回小倉9日目 ３歳上 ,天気：曇 / 馬場：良 / 発走：13:05,2019/08/24(土),３歳以上１勝クラス,7,4,15.0,牝5,(栗東)大久保,0,1:47.8,434(+2)
芝1800m (右),5,0,55.0,アタマ,エスペランサルル,8,鮫島良,205.4,12,2回小倉9日目 ３歳上 ,天気：曇 / 馬場：良 / 発走：13:05,2019/08/24(土),３歳以上１勝クラス,7,5,15.0,牝7,(栗東)西橋,0,1:47.8,444(0)
芝1800m (右),3,0,51.0,アタマ,タマモケトル,4,☆森裕,103.3,9,2回小倉9日目 ３歳上 ,天気：曇 / 馬場：良 / 発走：13:05,2019/08/24(土),３歳以上１勝クラス,7,6,15.0,牝3,(栗東)南井,0,1:47.8,442(+6)
芝1800m (右),4,0,57.0,3/4,キャノンストーム,7,幸,109.5,10,2回小倉9日目 ３歳上 ,天気：曇 / 馬場：良 / 発走：13:05,2019/08/24(土),３歳以上１勝クラス,7,7,15.0,牡6,(栗東)笹田,0,1:47.9,514(+6)
芝1800m (右),1,0,54.0,1.1/2,ツーエムアロンソ,1,城戸,229.3,13,2回小倉9日目 ３歳上 ,天気：曇 / 馬場：良 / 発走：13:05,2019/08/24(土),３歳以上１勝クラス,7,8,15.0,牡3,(栗東)本田,0,1:48.2,518(0)
芝1800m (右),4,0,52.0,1/2,レーヴドカナロア,6,北村友,16.3,5,2回小倉9日目 ３歳上 ,天気：曇 / 馬場：良 / 発走：13:05,2019/08/24(土),３歳以上１勝クラス,7,9,15.0,牝3,(栗東)斉藤崇,0,1:48.3,434(-4)
芝1800m (右),6,0,54.0,1/2,ソルトホープ,11,藤岡佑,17.6,6,2回小倉9日目 ３歳上 ,天気：曇 / 馬場：良 / 発走：13:05,2019/08/24(土),３歳以上１勝クラス,7,10,15.0,牡3,(栗東)武英,0,1:48.4,472(-4)
芝1800m (右),6,0,55.0,3/4,フィップル,10,藤懸,111.4,11,2回小倉9日目 ３歳上 ,天気：曇 / 馬場：良 / 発走：13:05,2019/08/24(土),３歳以上１勝クラス,7,11,15.0,牝5,(栗東)平田,0,1:48.5,466(+12)
芝1800m (右),7,0,54.0,1/2,トウカイオルデン,13,▲斎藤,9.9,3,2回小倉9日目 ３歳上 ,天気：曇 / 馬場：良 / 発走：13:05,2019/08/24(土),３歳以上１勝クラス,7,12,15.0,牡4,(栗東)安田隆,0,1:48.6,470(-2)
芝1800m (右),8,0,55.0,1,○地メイショウワンモア,15,酒井,300.3,14,2回小倉9日目 ３歳上 ,天気：曇 / 馬場：良 / 発走：13:05,2019/08/24(土),３歳以上１勝クラス,7,13,15.0,牝5,(栗東)西園,0,1:48.8,468(+7)
芝1800m (右),5,0,54.0,アタマ,アグネススターダム,9,▲服部,18.4,7,2回小倉9日目 ３歳上 ,天気：曇 / 馬場：良 / 発走：13:05,2019/08/24(土),３歳以上１勝クラス,7,14,15.0,牡6,(栗東)河内,0,1:48.8,450(0)
芝1800m (右),2,0,49.0,6,○外マジカルプリンセス,3,▲三津谷,399.4,15,2回小倉9日目 ３歳上 ,天気：曇 / 馬場：良 / 発走：13:05,2019/08/24(土),３歳以上１勝クラス,7,15,15.0,牝3,(栗東)鮫島,0,1:49.8,420(+2)
ダ1700m (右),5,130,54.0,,タイサイ,9,中井,2.9,1,2回小倉9日目 ３歳上 ,天気：曇 / 馬場：稍重 / 発走：13:40,2019/08/24(土),３歳以上１勝クラス,8,1,16.0,牡3,(栗東)田所,290,1:45.7,466(-18)
ダ1700m (右),4,150,54.0,1/2,テイエムクロムシャ,7,和田,5.2,2,2回小倉9日目 ３歳上 ,天気：曇 / 馬場：稍重 / 発走：13:40,2019/08/24(土),３歳以上１勝クラス,8,2,16.0,牡3,(栗東)鈴木孝,0,1:45.8,466(0)
ダ1700m (右),2,200,54.0,1.3/4,○外モズエロイコ,4,藤井勘,7.4,5,2回小倉9日目 ３歳上 ,天気：曇 / 馬場：稍重 / 発走：13:40,2019/08/24(土),３歳以上１勝クラス,8,3,16.0,牡3,(栗東)矢作,0,1:46.1,462(-8)
ダ1700m (右),2,0,54.0,1.3/4,○外ウインプラウド,3,松山,20.7,7,2回小倉9日目 ３歳上 ,天気：曇 / 馬場：稍重 / 発走：13:40,2019/08/24(土),３歳以上１勝クラス,8,4,16.0,牡3,(栗東)西園,0,1:46.4,498(+5)
ダ1700m (右),1,0,54.0,1.1/4,ミラクルユニバンス,1,▲服部,172.3,15,2回小倉9日目 ３歳上 ,天気：曇 / 馬場：稍重 / 発走：13:40,2019/08/24(土),３歳以上１勝クラス,8,5,16.0,牡6,(栗東)村山,0,1:46.6,454(+14)
ダ1700m (右),7,0,53.0,クビ,モサ,13,☆森裕,23.8,8,2回小倉9日目 ３歳上 ,天気：曇 / 馬場：稍重 / 発走：13:40,2019/08/24(土),３歳以上１勝クラス,8,6,16.0,牡3,(栗東)角田,0,1:46.7,488(+2)
ダ1700m (右),3,0,57.0,3.1/2,○地ベー,6,国分優,161.8,14,2回小倉9日目 ３歳上 ,天気：曇 / 馬場：稍重 / 発走：13:40,2019/08/24(土),３歳以上１勝クラス,8,7,16.0,牡4,(栗東)坂口,0,1:47.3,482(0)
ダ1700m (右),1,0,57.0,3,トモノコテツ,2,松若,14.7,6,2回小倉9日目 ３歳上 ,天気：曇 / 馬場：稍重 / 発走：13:40,2019/08/24(土),３歳以上１勝クラス,8,8,16.0,牡4,(栗東)浜田,0,1:47.8,464(-10)
ダ1700m (右),8,0,51.0,2,ボンディマンシュ,15,▲亀田,5.9,4,2回小倉9日目 ３歳上 ,天気：曇 / 馬場：稍重 / 発走：13:40,2019/08/24(土),３歳以上１勝クラス,8,9,16.0,セ3,(栗東)中内田,0,1:48.1,484(-18)
ダ1700m (右),6,0,57.0,クビ,カフジナイサー,11,幸,5.2,3,2回小倉9日目 ３歳上 ,天気：曇 / 馬場：稍重 / 発走：13:40,2019/08/24(土),３歳以上１勝クラス,8,10,16.0,牡6,(栗東)木原,0,1:48.1,484(-2)
ダ1700m (右),6,0,54.0,クビ,アルームスクレト,12,義,247.7,16,2回小倉9日目 ３歳上 ,天気：曇 / 馬場：稍重 / 発走：13:40,2019/08/24(土),３歳以上１勝クラス,8,11,16.0,牡3,(栗東)高橋康,0,1:48.2,462(0)
ダ1700m (右),4,0,51.0,1.1/4,○外ピースプレイヤー,8,▲斎藤,134.9,13,2回小倉9日目 ３歳上 ,天気：曇 / 馬場：稍重 / 発走：13:40,2019/08/24(土),３歳以上１勝クラス,8,12,16.0,牡3,(栗東)高野,0,1:48.4,482(+6)
ダ1700m (右),7,0,57.0,3,ドラセナ,14,中谷,80.9,10,2回小倉9日目 ３歳上 ,天気：曇 / 馬場：稍重 / 発走：13:40,2019/08/24(土),３歳以上１勝クラス,8,13,16.0,セ4,(栗東)奥村豊,0,1:48.9,476(+20)
ダ1700m (右),8,0,54.0,3.1/2,マイネルプリサイス,16,川須,116.1,12,2回小倉9日目 ３歳上 ,天気：曇 / 馬場：稍重 / 発走：13:40,2019/08/24(土),３歳以上１勝クラス,8,14,16.0,牡3,(栗東)吉田,0,1:49.5,474(-2)
ダ1700m (右),3,0,52.0,1/2,アドマイヤカラット,5,▲岩田望,103.5,11,2回小倉9日目 ３歳上 ,天気：曇 / 馬場：稍重 / 発走：13:40,2019/08/24(土),３歳以上１勝クラス,8,15,16.0,牝4,(栗東)西村,0,1:49.6,424(+2)
ダ1700m (右),5,0,54.0,1.3/4,サンライズハイアー,10,長岡,61.8,9,2回小倉9日目 ３歳上 ,天気：曇 / 馬場：稍重 / 発走：13:40,2019/08/24(土),３歳以上１勝クラス,8,16,16.0,牡3,(栗東)羽月,0,1:49.9,478(0)
芝1200m (右),7,130,55.0,,イロゴトシ,14,小崎,6.0,3,2回小倉9日目 ２歳 ２歳オープン,天気：曇 / 馬場：良 / 発走：14:15,2019/08/24(土),ひまわり賞 ,9,1.0,17.0,牡2,(栗東)牧田,600,1:09.9,454(0)
芝1200m (右),5,110,55.0,1.1/4,ローランダー,9,幸,1.5,1,2回小倉9日目 ２歳 ２歳オープン,天気：曇 / 馬場：良 / 発走：14:15,2019/08/24(土),ひまわり賞 ,9,2.0,17.0,牝2,(栗東)湯窪,0,1:10.1,448(+4)
芝1200m (右),3,110,55.0,1.1/4,テイエムヤマカゼ,6,松山,4.4,2,2回小倉9日目 ２歳 ２歳オープン,天気：曇 / 馬場：良 / 発走：14:15,2019/08/24(土),ひまわり賞 ,9,3.0,17.0,セ2,(栗東)山内,0,1:10.3,410(+2)
芝1200m (右),8,0,53.0,2.1/2,アーモンドカラー,15,高倉,19.5,4,2回小倉9日目 ２歳 ２歳オープン,天気：曇 / 馬場：良 / 発走：14:15,2019/08/24(土),ひまわり賞 ,9,4.0,17.0,牡2,(栗東)杉山,0,1:10.7,432(-2)
芝1200m (右),8,0,53.0,1,ヒノカミ,17,酒井,287.3,14,2回小倉9日目 ２歳 ２歳オープン,天気：曇 / 馬場：良 / 発走：14:15,2019/08/24(土),ひまわり賞 ,9,5.0,17.0,牝2,(美浦)浅野,0,1:10.9,414(+2)
芝1200m (右),2,0,53.0,1/2,ブンキンタカシマダ,3,国分優,220.3,12,2回小倉9日目 ２歳 ２歳オープン,天気：曇 / 馬場：良 / 発走：14:15,2019/08/24(土),ひまわり賞 ,9,6.0,17.0,牝2,(栗東)大根田,0,1:11.0,444(0)
芝1200m (右),8,0,55.0,1.1/2,□地カミノメグミ,16,小松丈,49.8,6,2回小倉9日目 ２歳 ２歳オープン,天気：曇 / 馬場：良 / 発走：14:15,2019/08/24(土),ひまわり賞 ,9,7.0,17.0,牝2,(地方)真島元,0,1:11.2,422(-1)
芝1200m (右),6,0,53.0,2,ベルウッドコチョウ,11,太宰,32.3,5,2回小倉9日目 ２歳 ２歳オープン,天気：曇 / 馬場：良 / 発走：14:15,2019/08/24(土),ひまわり賞 ,9,8.0,17.0,牡2,(美浦)本間,0,1:11.5,470(+2)
芝1200m (右),6,0,53.0,クビ,チョゴリザテソーロ,12,斎藤,61.9,7,2回小倉9日目 ２歳 ２歳オープン,天気：曇 / 馬場：良 / 発走：14:15,2019/08/24(土),ひまわり賞 ,9,9.0,17.0,牡2,(美浦)畠山,0,1:11.6,480(-2)
芝1200m (右),2,0,53.0,4,キリシマブリッジ,4,水口,66.6,8,2回小倉9日目 ２歳 ２歳オープン,天気：曇 / 馬場：良 / 発走：14:15,2019/08/24(土),ひまわり賞 ,9,10.0,17.0,牝2,(美浦)的場,0,1:12.3,438(+6)
芝1200m (右),4,0,53.0,6,カシノピアレス,8,森裕,282.7,13,2回小倉9日目 ２歳 ２歳オープン,天気：曇 / 馬場：良 / 発走：14:15,2019/08/24(土),ひまわり賞 ,9,11.0,17.0,牝2,(美浦)和田雄,0,1:13.3,478(+10)
芝1200m (右),7,0,53.0,1.3/4,クレナイ,13,岩崎,138.4,10,2回小倉9日目 ２歳 ２歳オープン,天気：曇 / 馬場：良 / 発走：14:15,2019/08/24(土),ひまわり賞 ,9,12.0,17.0,牝2,(美浦)小桧山,0,1:13.6,436(-16)
芝1200m (右),5,0,53.0,1.1/4,ヤエノガロ,10,長岡,158.3,11,2回小倉9日目 ２歳 ２歳オープン,天気：曇 / 馬場：良 / 発走：14:15,2019/08/24(土),ひまわり賞 ,9,13.0,17.0,牡2,(美浦)蛯名,0,1:13.8,488(+14)
芝1200m (右),1,0,53.0,1.3/4,ハクアイトップ,2,松若,118.1,9,2回小倉9日目 ２歳 ２歳オープン,天気：曇 / 馬場：良 / 発走：14:15,2019/08/24(土),ひまわり賞 ,9,14.0,17.0,牡2,(栗東)村山,0,1:14.1,532(+12)
芝1200m (右),3,0,53.0,大,ヘイセイロード,5,服部,687.9,17,2回小倉9日目 ２歳 ２歳オープン,天気：曇 / 馬場：良 / 発走：14:15,2019/08/24(土),ひまわり賞 ,9,15.0,17.0,牡2,(美浦)和田雄,0,1:17.2,470(+6)
芝1200m (右),1,0,53.0,大,ラトルメンタ,1,藤懸,534.4,16,2回小倉9日目 ２歳 ２歳オープン,天気：曇 / 馬場：良 / 発走：14:15,2019/08/24(土),ひまわり賞 ,9,16.0,17.0,牡2,(栗東)松永幹,0,1:23.8,448(-4)
芝1200m (右),4,0,53.0,中止,テイエムワッゼハエ,7,鮫島良,349.9,15,2回小倉9日目 ２歳 ２歳オープン,天気：曇 / 馬場：良 / 発走：14:15,2019/08/24(土),ひまわり賞 ,9,,17.0,牝2,(栗東)飯田雄,0,,424(-2)
芝2000m (右),8,110,55.0,,ブライトムーン,11,福永,2.1,1,2回小倉9日目 ３歳上 ,天気：曇 / 馬場：良 / 発走：14:50,2019/08/24(土),西海賞,10,1,11.0,牝5,(栗東)大久保,210,1:59.6,440(+4)
芝2000m (右),7,150,55.0,1.1/4,アロマドゥルセ,8,北村友,5.8,4,2回小倉9日目 ３歳上 ,天気：曇 / 馬場：良 / 発走：14:50,2019/08/24(土),西海賞,10,2,11.0,牝5,(栗東)音無,0,1:59.8,442(-4)
芝2000m (右),3,690,55.0,クビ,ウインルチル,3,松若,62.2,8,2回小倉9日目 ３歳上 ,天気：曇 / 馬場：良 / 発走：14:50,2019/08/24(土),西海賞,10,3,11.0,牝4,(栗東)奥村豊,0,1:59.8,456(+4)
芝2000m (右),7,0,55.0,1.1/4,アドラータ,9,和田,5.3,3,2回小倉9日目 ３歳上 ,天気：曇 / 馬場：良 / 発走：14:50,2019/08/24(土),西海賞,10,4,11.0,牝4,(栗東)石坂公,0,2:00.0,486(0)
芝2000m (右),5,0,52.0,3/4,アルファライズ,5,斎藤,16.4,6,2回小倉9日目 ３歳上 ,天気：曇 / 馬場：良 / 発走：14:50,2019/08/24(土),西海賞,10,5,11.0,牝3,(栗東)安田隆,0,2:00.1,442(+4)
芝2000m (右),4,0,52.0,1.3/4,ルタンブル,4,松山,4.6,2,2回小倉9日目 ３歳上 ,天気：曇 / 馬場：良 / 発走：14:50,2019/08/24(土),西海賞,10,6,11.0,牝3,(栗東)寺島,0,2:00.4,446(+2)
芝2000m (右),1,0,55.0,3/4,○地スマートアエロ,1,幸,50.2,7,2回小倉9日目 ３歳上 ,天気：曇 / 馬場：良 / 発走：14:50,2019/08/24(土),西海賞,10,7,11.0,牝4,(栗東)石橋,0,2:00.6,466(+4)
芝2000m (右),2,0,55.0,1.1/4,オスカールビー,2,川須,9.5,5,2回小倉9日目 ３歳上 ,天気：曇 / 馬場：良 / 発走：14:50,2019/08/24(土),西海賞,10,8,11.0,牝4,(栗東)矢作,0,2:00.8,506(+16)
芝2000m (右),6,0,55.0,2,スパイクナード,7,小崎,140.2,9,2回小倉9日目 ３歳上 ,天気：曇 / 馬場：良 / 発走：14:50,2019/08/24(土),西海賞,10,9,11.0,牝5,(栗東)佐々木,0,2:01.1,442(+2)
芝2000m (右),6,0,52.0,クビ,ゴットパシオン,6,酒井,218.9,10,2回小倉9日目 ３歳上 ,天気：曇 / 馬場：良 / 発走：14:50,2019/08/24(土),西海賞,10,10,11.0,牝3,(栗東)武英,0,2:01.1,440(+4)
芝2000m (右),8,0,52.0,3,ライブリーハピネス,10,国分優,407.9,11,2回小倉9日目 ３歳上 ,天気：曇 / 馬場：良 / 発走：14:50,2019/08/24(土),西海賞,10,11,11.0,牝3,(栗東)湯窪,0,2:01.6,422(-2)
ダ1700m (右),3,170,52.0,,クルークハイト,3,松山,8.8,4,2回小倉9日目 ３歳上 ,天気：曇 / 馬場：稍重 / 発走：15:25,2019/08/24(土),釜山Ｓ,11,1,11.0,牝5,(栗東)藤岡,880,1:44.2,476(-2)
ダ1700m (右),5,130,53.0,4,ボードウォーク,5,黛,3.3,2,2回小倉9日目 ３歳上 ,天気：曇 / 馬場：稍重 / 発走：15:25,2019/08/24(土),釜山Ｓ,11,2,11.0,牝4,(栗東)矢作,0,1:44.9,460(+6)
ダ1700m (右),7,110,53.0,3/4,ナンヨーイザヨイ,9,秋山,2.4,1,2回小倉9日目 ３歳上 ,天気：曇 / 馬場：稍重 / 発走：15:25,2019/08/24(土),釜山Ｓ,11,3,11.0,牡3,(栗東)松永幹,0,1:45.0,472(+2)
ダ1700m (右),6,0,55.0,1/2,ビックリシタナモー,6,松若,7.7,3,2回小倉9日目 ３歳上 ,天気：曇 / 馬場：稍重 / 発走：15:25,2019/08/24(土),釜山Ｓ,11,4,11.0,牡5,(栗東)音無,0,1:45.1,506(0)
ダ1700m (右),2,0,51.0,3/4,アポロユッキー,2,斎藤,27.6,9,2回小倉9日目 ３歳上 ,天気：曇 / 馬場：稍重 / 発走：15:25,2019/08/24(土),釜山Ｓ,11,5,11.0,牝5,(美浦)鈴木伸,0,1:45.2,532(0)
ダ1700m (右),7,0,54.0,3/4,クリノフウジン,8,酒井,12.1,5,2回小倉9日目 ３歳上 ,天気：曇 / 馬場：稍重 / 発走：15:25,2019/08/24(土),釜山Ｓ,11,6,11.0,牡5,(栗東)高橋忠,0,1:45.3,506(+4)
ダ1700m (右),4,0,55.0,3,エネスク,4,森裕,17.9,7,2回小倉9日目 ３歳上 ,天気：曇 / 馬場：稍重 / 発走：15:25,2019/08/24(土),釜山Ｓ,11,7,11.0,牡6,(栗東)山内,0,1:45.8,518(+8)
ダ1700m (右),8,0,55.0,3/4,ベディヴィア,10,小崎,66.1,10,2回小倉9日目 ３歳上 ,天気：曇 / 馬場：稍重 / 発走：15:25,2019/08/24(土),釜山Ｓ,11,8,11.0,牡5,(栗東)野中,0,1:45.9,462(0)
ダ1700m (右),1,0,56.0,5,キーグラウンド,1,川須,26.9,8,2回小倉9日目 ３歳上 ,天気：曇 / 馬場：稍重 / 発走：15:25,2019/08/24(土),釜山Ｓ,11,9,11.0,牡5,(栗東)宮,0,1:46.7,480(-6)
ダ1700m (右),6,0,51.0,2.1/2,○地トキメキジュピター,7,田中健,238.4,11,2回小倉9日目 ３歳上 ,天気：曇 / 馬場：稍重 / 発走：15:25,2019/08/24(土),釜山Ｓ,11,10,11.0,牡4,(美浦)浅野,0,1:47.1,500(0)
ダ1700m (右),8,0,55.0,1.1/2,ネオスターダム,11,和田,14.4,6,2回小倉9日目 ３歳上 ,天気：曇 / 馬場：稍重 / 発走：15:25,2019/08/24(土),釜山Ｓ,11,11,11.0,牡7,(栗東)石坂正,0,1:47.4,494(+2)
芝1200m (右),6,290,54.0,,マッスルマサムネ,11,▲斎藤,8.2,5,2回小倉9日目 ３歳上 ,天気：曇 / 馬場：良 / 発走：16:05,2019/08/24(土),３歳以上１勝クラス,12,1.0,18.0,セ4,(栗東)池添学,820,1:08.3,478(+2)
芝1200m (右),6,160,54.0,1.1/4,ジョニーズララバイ,12,松若,3.7,1,2回小倉9日目 ３歳上 ,天気：曇 / 馬場：良 / 発走：16:05,2019/08/24(土),３歳以上１勝クラス,12,2.0,18.0,牡3,(栗東)音無,0,1:08.5,458(+6)
芝1200m (右),7,150,55.0,ハナ,○外クーファウェヌス,15,秋山,4.0,2,2回小倉9日目 ３歳上 ,天気：曇 / 馬場：良 / 発走：16:05,2019/08/24(土),３歳以上１勝クラス,12,3.0,18.0,牝4,(栗東)武幸,0,1:08.5,482(+4)
芝1200m (右),4,0,57.0,1.1/2,トモジャクアルト,8,国分優,21.1,8,2回小倉9日目 ３歳上 ,天気：曇 / 馬場：良 / 発走：16:05,2019/08/24(土),３歳以上１勝クラス,12,4.0,18.0,牡4,(栗東)大根田,0,1:08.7,496(0)
芝1200m (右),7,0,55.0,クビ,アテンフラワー,13,高倉,135.9,14,2回小倉9日目 ３歳上 ,天気：曇 / 馬場：良 / 発走：16:05,2019/08/24(土),３歳以上１勝クラス,12,5.0,18.0,牝4,(栗東)牧浦,0,1:08.7,472(-2)
芝1200m (右),5,0,54.0,1.1/4,コパノマーティン,9,福永,6.7,3,2回小倉9日目 ３歳上 ,天気：曇 / 馬場：良 / 発走：16:05,2019/08/24(土),３歳以上１勝クラス,12,6.0,18.0,牡3,(栗東)村山,0,1:08.9,488(-4)
芝1200m (右),4,0,57.0,クビ,○外○地ボスキャットグレイ,7,藤井勘,25.7,11,2回小倉9日目 ３歳上 ,天気：曇 / 馬場：良 / 発走：16:05,2019/08/24(土),３歳以上１勝クラス,12,7.0,18.0,牡6,(栗東)橋口,0,1:09.0,470(+4)
芝1200m (右),8,0,57.0,1/2,○地ジェスロ,17,長岡,20.1,7,2回小倉9日目 ３歳上 ,天気：曇 / 馬場：良 / 発走：16:05,2019/08/24(土),３歳以上１勝クラス,12,8.0,18.0,セ6,(栗東)杉山,0,1:09.1,436(-10)
芝1200m (右),2,0,54.0,1.1/4,トーアライジン,4,▲服部,23.2,9,2回小倉9日目 ３歳上 ,天気：曇 / 馬場：良 / 発走：16:05,2019/08/24(土),３歳以上１勝クラス,12,9.0,18.0,牡6,(栗東)村山,0,1:09.3,512(+2)
芝1200m (右),3,0,55.0,クビ,トーホウビスカヤ,5,小崎,15.1,6,2回小倉9日目 ３歳上 ,天気：曇 / 馬場：良 / 発走：16:05,2019/08/24(土),３歳以上１勝クラス,12,10.0,18.0,牝5,(栗東)川村,0,1:09.3,500(+4)
芝1200m (右),2,0,51.0,1.1/4,ヒロノアンビシャス,3,▲亀田,169.1,15,2回小倉9日目 ３歳上 ,天気：曇 / 馬場：良 / 発走：16:05,2019/08/24(土),３歳以上１勝クラス,12,11.0,18.0,牡3,(栗東)北出,0,1:09.5,466(+4)
芝1200m (右),1,0,55.0,1/2,パールズベスト,1,和田,7.8,4,2回小倉9日目 ３歳上 ,天気：曇 / 馬場：良 / 発走：16:05,2019/08/24(土),３歳以上１勝クラス,12,12.0,18.0,牝5,(栗東)高橋亮,0,1:09.6,466(+4)
芝1200m (右),8,0,55.0,クビ,○地メイショウイライザ,16,鮫島良,243.7,17,2回小倉9日目 ３歳上 ,天気：曇 / 馬場：良 / 発走：16:05,2019/08/24(土),３歳以上１勝クラス,12,13.0,18.0,牝4,(栗東)松永昌,0,1:09.6,436(0)
芝1200m (右),1,0,55.0,ハナ,レディギャング,2,酒井,23.2,10,2回小倉9日目 ３歳上 ,天気：曇 / 馬場：良 / 発走：16:05,2019/08/24(土),３歳以上１勝クラス,12,14.0,18.0,牝5,(栗東)森田,0,1:09.6,484(-2)
芝1200m (右),7,0,55.0,5,○地マナマカニ,14,田村,399.7,18,2回小倉9日目 ３歳上 ,天気：曇 / 馬場：良 / 発走：16:05,2019/08/24(土),３歳以上１勝クラス,12,15.0,18.0,牝4,(栗東)作田,0,1:10.4,436(-22)
芝1200m (右),3,0,51.0,1.1/2,イズジョークラウン,6,▲岩田望,237.8,16,2回小倉9日目 ３歳上 ,天気：曇 / 馬場：良 / 発走：16:05,2019/08/24(土),３歳以上１勝クラス,12,16.0,18.0,牡3,(栗東)千田,0,1:10.6,468(-2)
芝1200m (右),8,0,52.0,3/4,エナジーラピス,18,中谷,45.3,12,2回小倉9日目 ３歳上 ,天気：曇 / 馬場：良 / 発走：16:05,2019/08/24(土),３歳以上１勝クラス,12,17.0,18.0,牝3,(栗東)鮫島,0,1:10.7,464(+2)
芝1200m (右),5,0,54.0,中止,コンボルブルス,10,城戸,108.5,13,2回小倉9日目 ３歳上 ,天気：曇 / 馬場：良 / 発走：16:05,2019/08/24(土),３歳以上１勝クラス,12,,18.0,牡3,(栗東)本田,0,,432(0)
障2860m (芝),7,200,60.0,,カシノランペイジ,7,黒岩,9.5,5,2回小倉10日目 障害３歳上 ,天気：曇 / 馬場：良 / 発走：09:50,2019/08/25(日),３歳以上障害未勝利,1,1,8.0,セ4,(栗東)谷,950,3:11.7,506(+4)
障2860m (芝),1,130,60.0,3,メメニシコリ,1,西谷,2.9,2,2回小倉10日目 障害３歳上 ,天気：曇 / 馬場：良 / 発走：09:50,2019/08/25(日),３歳以上障害未勝利,1,2,8.0,牡6,(栗東)飯田雄,0,3:12.2,466(+2)
障2860m (芝),6,290,60.0,3,ニシノベイオウルフ,6,大江原,9.3,4,2回小倉10日目 障害３歳上 ,天気：曇 / 馬場：良 / 発走：09:50,2019/08/25(日),３歳以上障害未勝利,1,3,8.0,牡4,(美浦)小桧山,0,3:12.7,494(+12)
障2860m (芝),8,0,60.0,大,ダイチョウセブン,8,小坂,49.2,7,2回小倉10日目 障害３歳上 ,天気：曇 / 馬場：良 / 発走：09:50,2019/08/25(日),３歳以上障害未勝利,1,4,8.0,牡4,(栗東)牧田,0,3:15.2,476(-2)
障2860m (芝),5,0,60.0,5,○地リボンナイト,5,田村,54.6,8,2回小倉10日目 障害３歳上 ,天気：曇 / 馬場：良 / 発走：09:50,2019/08/25(日),３歳以上障害未勝利,1,5,8.0,牡5,(栗東)村山,0,3:16.0,440(+8)
障2860m (芝),4,0,60.0,アタマ,ハギノフロンティア,4,熊沢,4.7,3,2回小倉10日目 障害３歳上 ,天気：曇 / 馬場：良 / 発走：09:50,2019/08/25(日),３歳以上障害未勝利,1,6,8.0,牡4,(栗東)松田,0,3:16.0,526(+16)
障2860m (芝),2,0,60.0,4,ジョーカーワイルド,2,小野寺,2.4,1,2回小倉10日目 障害３歳上 ,天気：曇 / 馬場：良 / 発走：09:50,2019/08/25(日),３歳以上障害未勝利,1,7,8.0,牡4,(美浦)浅野,0,3:16.7,524(0)
障2860m (芝),3,0,58.0,大,アオアラシ,3,中村,21.4,6,2回小倉10日目 障害３歳上 ,天気：曇 / 馬場：良 / 発走：09:50,2019/08/25(日),３歳以上障害未勝利,1,8,8.0,牝5,(栗東)松下,0,3:20.6,466(+2)
芝1200m (右),5,240,54.0,,シゲルミズガメザ,5,岩崎,15.4,5,2回小倉10日目 ２歳 ,天気：曇 / 馬場：良 / 発走：10:25,2019/08/25(日),２歳未勝利,2,1,10.0,牡2,(栗東)鈴木孝,1540,1:09.0,446(+8)
芝1200m (右),8,220,54.0,3,○外コウエイバクシン,10,和田,11.1,4,2回小倉10日目 ２歳 ,天気：曇 / 馬場：良 / 発走：10:25,2019/08/25(日),２歳未勝利,2,2,10.0,牡2,(栗東)森,0,1:09.5,436(0)
芝1200m (右),6,110,51.0,1/2,スマートアペックス,6,▲斎藤,1.9,1,2回小倉10日目 ２歳 ,天気：曇 / 馬場：良 / 発走：10:25,2019/08/25(日),２歳未勝利,2,3,10.0,牡2,(栗東)浅見,0,1:09.6,452(+8)
芝1200m (右),4,0,54.0,2.1/2,マリスドランジュ,4,北村友,7.4,3,2回小倉10日目 ２歳 ,天気：曇 / 馬場：良 / 発走：10:25,2019/08/25(日),２歳未勝利,2,4,10.0,牝2,(栗東)宮本,0,1:10.0,450(+6)
芝1200m (右),8,0,51.0,1.1/4,ハナノルージュ,9,▲亀田,269.0,10,2回小倉10日目 ２歳 ,天気：曇 / 馬場：良 / 発走：10:25,2019/08/25(日),２歳未勝利,2,5,10.0,牝2,(美浦)天間,0,1:10.2,422(-6)
芝1200m (右),2,0,54.0,2.1/2,ディアデイジー,2,国分優,178.5,8,2回小倉10日目 ２歳 ,天気：曇 / 馬場：良 / 発走：10:25,2019/08/25(日),２歳未勝利,2,6,10.0,牝2,(美浦)浅野,0,1:10.6,444(-4)
芝1200m (右),1,0,54.0,クビ,ルガーサント,1,松若,2.9,2,2回小倉10日目 ２歳 ,天気：曇 / 馬場：良 / 発走：10:25,2019/08/25(日),２歳未勝利,2,7,10.0,牝2,(栗東)西村,0,1:10.6,426(+10)
芝1200m (右),7,0,54.0,1,アイファーパープル,7,小牧,215.3,9,2回小倉10日目 ２歳 ,天気：曇 / 馬場：良 / 発走：10:25,2019/08/25(日),２歳未勝利,2,8,10.0,牡2,(栗東)服部,0,1:10.8,418(+6)
芝1200m (右),7,0,53.0,ハナ,クリノヤタガラス,8,☆森裕,58.0,6,2回小倉10日目 ２歳 ,天気：曇 / 馬場：良 / 発走：10:25,2019/08/25(日),２歳未勝利,2,9,10.0,牡2,(栗東)谷,0,1:10.8,480(-2)
芝1200m (右),3,0,54.0,4,ナムラリュウグウ,3,酒井,127.8,7,2回小倉10日目 ２歳 ,天気：曇 / 馬場：良 / 発走：10:25,2019/08/25(日),２歳未勝利,2,10,10.0,牡2,(栗東)牧田,0,1:11.5,440(-6)
ダ1700m (右),5,160,53.0,,フォリオール,10,▲岩田望,4.1,2.0,2回小倉10日目 ３歳 ,天気：曇 / 馬場：良 / 発走：10:55,2019/08/25(日),３歳未勝利,3,1.0,16.0,牡3,(栗東)杉山,410,1:48.1,528(0)
ダ1700m (右),7,940,56.0,3,ザプラウドワンズ,14,小坂,79.8,10.0,2回小倉10日目 ３歳 ,天気：曇 / 馬場：良 / 発走：10:55,2019/08/25(日),３歳未勝利,3,2.0,16.0,牡3,(栗東)奥村豊,0,1:48.6,520(+12)
ダ1700m (右),1,120,56.0,ハナ,メメランタン,1,秋山,2.1,1.0,2回小倉10日目 ３歳 ,天気：曇 / 馬場：良 / 発走：10:55,2019/08/25(日),３歳未勝利,3,3.0,16.0,牡3,(栗東)武幸,0,1:48.6,530(+12)
ダ1700m (右),7,0,56.0,ハナ,タカノアンジェラス,13,太宰,7.3,4.0,2回小倉10日目 ３歳 ,天気：曇 / 馬場：良 / 発走：10:55,2019/08/25(日),３歳未勝利,3,4.0,16.0,牡3,(栗東)昆,0,1:48.6,462(+4)
ダ1700m (右),8,0,56.0,クビ,フェブタイズ,15,和田,77.1,9.0,2回小倉10日目 ３歳 ,天気：曇 / 馬場：良 / 発走：10:55,2019/08/25(日),３歳未勝利,3,5.0,16.0,牡3,(栗東)川村,0,1:48.7,494(-4)
ダ1700m (右),1,0,53.0,3,ブラックタートル,2,▲亀田,108.1,12.0,2回小倉10日目 ３歳 ,天気：曇 / 馬場：良 / 発走：10:55,2019/08/25(日),３歳未勝利,3,6.0,16.0,牡3,(栗東)今野,0,1:49.2,474(+2)
ダ1700m (右),3,0,55.0,2,ナリタブルグ,6,☆森裕,300.1,14.0,2回小倉10日目 ３歳 ,天気：曇 / 馬場：良 / 発走：10:55,2019/08/25(日),３歳未勝利,3,7.0,16.0,牡3,(栗東)中尾,0,1:49.5,498(-2)
ダ1700m (右),3,0,56.0,3/4,オールフォース,5,小崎,122.9,13.0,2回小倉10日目 ３歳 ,天気：曇 / 馬場：良 / 発走：10:55,2019/08/25(日),３歳未勝利,3,8.0,16.0,牡3,(栗東)千田,0,1:49.6,486(+16)
ダ1700m (右),2,0,56.0,2,ワンダークラッシー,4,川須,24.8,6.0,2回小倉10日目 ３歳 ,天気：曇 / 馬場：良 / 発走：10:55,2019/08/25(日),３歳未勝利,3,9.0,16.0,牡3,(栗東)羽月,0,1:49.9,450(-2)
ダ1700m (右),5,0,56.0,5,メイショウプルーム,9,田中健,93.5,11.0,2回小倉10日目 ３歳 ,天気：曇 / 馬場：良 / 発走：10:55,2019/08/25(日),３歳未勝利,3,10.0,16.0,牡3,(栗東)荒川,0,1:50.7,520(+4)
ダ1700m (右),4,0,53.0,2.1/2,カイマナ,8,▲斎藤,18.8,5.0,2回小倉10日目 ３歳 ,天気：曇 / 馬場：良 / 発走：10:55,2019/08/25(日),３歳未勝利,3,11.0,16.0,牡3,(栗東)飯田祐,0,1:51.1,500(+2)
ダ1700m (右),2,0,51.0,1/2,メイショウセンテ,3,▲服部,329.7,15.0,2回小倉10日目 ３歳 ,天気：曇 / 馬場：良 / 発走：10:55,2019/08/25(日),３歳未勝利,3,12.0,16.0,牝3,(栗東)河内,0,1:51.2,444(+6)
ダ1700m (右),4,0,56.0,3,リュウノイカリ,7,津村,41.3,7.0,2回小倉10日目 ３歳 ,天気：曇 / 馬場：良 / 発走：10:55,2019/08/25(日),３歳未勝利,3,13.0,16.0,牡3,(栗東)牧浦,0,1:51.7,492(+8)
ダ1700m (右),8,0,55.0,4,ハイロードシチー,16,☆西村淳,61.0,8.0,2回小倉10日目 ３歳 ,天気：曇 / 馬場：良 / 発走：10:55,2019/08/25(日),３歳未勝利,3,14.0,16.0,牡3,(栗東)岡田,0,1:52.4,484(+8)
ダ1700m (右),6,0,56.0,1/2,ファストフォース,12,松若,4.6,3.0,2回小倉10日目 ３歳 ,天気：曇 / 馬場：良 / 発走：10:55,2019/08/25(日),３歳未勝利,3,15.0,16.0,牡3,(栗東)西村,0,1:52.5,500(0)
ダ1700m (右),6,0,56.0,除外,ニホンピロファルコ,11,小牧,,,2回小倉10日目 ３歳 ,天気：曇 / 馬場：良 / 発走：10:55,2019/08/25(日),３歳未勝利,3,,16.0,牡3,(栗東)服部,0,,470(-10)
芝1800m (右),2,210,51.0,,フィオレドーロ,4,▲斎藤,4.3,1,2回小倉10日目 ３歳 ,天気：曇 / 馬場：良 / 発走：11:25,2019/08/25(日),３歳未勝利,4,1,16.0,牝3,(栗東)角居,430,1:47.5,418(-4)
芝1800m (右),4,170,54.0,1/2,スノーユニバンス,8,和田,4.7,3,2回小倉10日目 ３歳 ,天気：曇 / 馬場：良 / 発走：11:25,2019/08/25(日),３歳未勝利,4,2,16.0,牝3,(栗東)平田,0,1:47.6,456(+4)
芝1800m (右),1,310,51.0,2,ウインアミーリア,1,▲岩田望,17.6,7,2回小倉10日目 ３歳 ,天気：曇 / 馬場：良 / 発走：11:25,2019/08/25(日),３歳未勝利,4,3,16.0,牝3,(栗東)宮本,0,1:47.9,424(+2)
芝1800m (右),3,0,54.0,1.1/4,エッセンツァ,5,津村,4.7,2,2回小倉10日目 ３歳 ,天気：曇 / 馬場：良 / 発走：11:25,2019/08/25(日),３歳未勝利,4,4,16.0,牝3,(栗東)荒川,0,1:48.1,530(-4)
芝1800m (右),5,0,54.0,1/2,レッドジェニファー,10,酒井,7.5,5,2回小倉10日目 ３歳 ,天気：曇 / 馬場：良 / 発走：11:25,2019/08/25(日),３歳未勝利,4,5,16.0,牝3,(栗東)大久保,0,1:48.2,438(+6)
芝1800m (右),6,0,54.0,1.1/4,カラミンサ,11,北村友,6.2,4,2回小倉10日目 ３歳 ,天気：曇 / 馬場：良 / 発走：11:25,2019/08/25(日),３歳未勝利,4,6,16.0,牝3,(栗東)牧浦,0,1:48.4,486(+4)
芝1800m (右),2,0,54.0,ハナ,ケイティシャイン,3,長岡,287.1,14,2回小倉10日目 ３歳 ,天気：曇 / 馬場：良 / 発走：11:25,2019/08/25(日),３歳未勝利,4,7,16.0,牝3,(栗東)杉山,0,1:48.4,444(+6)
芝1800m (右),3,0,54.0,クビ,ドリームウィング,6,秋山,64.1,11,2回小倉10日目 ３歳 ,天気：曇 / 馬場：良 / 発走：11:25,2019/08/25(日),３歳未勝利,4,8,16.0,牝3,(栗東)北出,0,1:48.5,428(0)
芝1800m (右),8,0,54.0,1.3/4,ショウナンタンゴ,15,藤懸,386.1,16,2回小倉10日目 ３歳 ,天気：曇 / 馬場：良 / 発走：11:25,2019/08/25(日),３歳未勝利,4,9,16.0,牝3,(栗東)吉村,0,1:48.8,496(+16)
芝1800m (右),1,0,54.0,ハナ,カリマンタン,2,田中健,193.6,12,2回小倉10日目 ３歳 ,天気：曇 / 馬場：良 / 発走：11:25,2019/08/25(日),３歳未勝利,4,10,16.0,牝3,(栗東)木原,0,1:48.8,390(+2)
芝1800m (右),4,0,51.0,クビ,ニホンピロハービン,7,▲亀田,29.6,9,2回小倉10日目 ３歳 ,天気：曇 / 馬場：良 / 発走：11:25,2019/08/25(日),３歳未勝利,4,11,16.0,牝3,(栗東)大橋,0,1:48.8,474(+8)
芝1800m (右),7,0,53.0,3,リアオリヴィア,13,☆西村淳,8.6,6,2回小倉10日目 ３歳 ,天気：曇 / 馬場：良 / 発走：11:25,2019/08/25(日),３歳未勝利,4,12,16.0,牝3,(栗東)角居,0,1:49.3,422(-8)
芝1800m (右),6,0,54.0,5,ハミングデイズ,12,小崎,32.4,10,2回小倉10日目 ３歳 ,天気：曇 / 馬場：良 / 発走：11:25,2019/08/25(日),３歳未勝利,4,13,16.0,牝3,(栗東)高橋忠,0,1:50.1,448(-12)
芝1800m (右),5,0,51.0,3/4,メグスタサンライズ,9,▲服部,289.8,15,2回小倉10日目 ３歳 ,天気：曇 / 馬場：良 / 発走：11:25,2019/08/25(日),３歳未勝利,4,14,16.0,牝3,(栗東)河内,0,1:50.3,442(-8)
芝1800m (右),7,0,54.0,3/4,アサカフロンティア,14,小牧,227.5,13,2回小倉10日目 ３歳 ,天気：曇 / 馬場：良 / 発走：11:25,2019/08/25(日),３歳未勝利,4,15,16.0,牝3,(栗東)笹田,0,1:50.4,416(0)
芝1800m (右),8,0,54.0,3,スパニッシュレディ,16,太宰,29.5,8,2回小倉10日目 ３歳 ,天気：曇 / 馬場：良 / 発走：11:25,2019/08/25(日),３歳未勝利,4,16,16.0,牝3,(栗東)昆,0,1:50.9,494(+2)
芝2000m (右),2,110,54.0,,メイショウラツワン,2,和田,2.1,1,2回小倉10日目 ２歳 ,天気：曇 / 馬場：良 / 発走：12:15,2019/08/25(日),２歳新馬,5,1,9.0,牡2,(栗東)南井,210,2:05.7,478(0)
芝2000m (右),7,160,54.0,1/2,ラズルダズル,7,北村友,5.4,3,2回小倉10日目 ２歳 ,天気：曇 / 馬場：良 / 発走：12:15,2019/08/25(日),２歳新馬,5,2,9.0,牡2,(栗東)斉藤崇,0,2:05.8,450(0)
芝2000m (右),8,280,54.0,3/4,モズトンボ,8,松若,18.7,6,2回小倉10日目 ２歳 ,天気：曇 / 馬場：良 / 発走：12:15,2019/08/25(日),２歳新馬,5,3,9.0,牡2,(栗東)音無,0,2:05.9,490(0)
芝2000m (右),4,0,54.0,3.1/2,イチザサンデー,4,藤井勘,102.9,8,2回小倉10日目 ２歳 ,天気：曇 / 馬場：良 / 発走：12:15,2019/08/25(日),２歳新馬,5,4,9.0,牡2,(栗東)西橋,0,2:06.5,538(0)
芝2000m (右),1,0,51.0,クビ,○外サマーエモーション,1,▲斎藤,4.2,2,2回小倉10日目 ２歳 ,天気：曇 / 馬場：良 / 発走：12:15,2019/08/25(日),２歳新馬,5,5,9.0,牝2,(栗東)大久保,0,2:06.5,442(0)
芝2000m (右),5,0,54.0,1.3/4,ウェイヴァリー,5,秋山,9.5,5,2回小倉10日目 ２歳 ,天気：曇 / 馬場：良 / 発走：12:15,2019/08/25(日),２歳新馬,5,6,9.0,牡2,(栗東)平田,0,2:06.8,528(0)
芝2000m (右),3,0,54.0,2,ゴールドパラディン,3,津村,8.5,4,2回小倉10日目 ２歳 ,天気：曇 / 馬場：良 / 発走：12:15,2019/08/25(日),２歳新馬,5,7,9.0,牡2,(栗東)山内,0,2:07.1,428(0)
芝2000m (右),6,0,54.0,大,テイエムファルコン,6,酒井,67.2,7,2回小倉10日目 ２歳 ,天気：曇 / 馬場：良 / 発走：12:15,2019/08/25(日),２歳新馬,5,8,9.0,牡2,(栗東)飯田雄,0,2:10.5,490(0)
芝2000m (右),8,0,54.0,1.1/2,ドリームオスカル,9,高倉,108.8,9,2回小倉10日目 ２歳 ,天気：曇 / 馬場：良 / 発走：12:15,2019/08/25(日),２歳新馬,5,9,9.0,牝2,(栗東)安達,0,2:10.7,444(0)
芝1200m (右),7,410,54.0,,トウケイココノエ,14,藤懸,25.7,7,2回小倉10日目 ３歳 ,天気：小雨 / 馬場：良 / 発走：12:45,2019/08/25(日),３歳未勝利,6,1,18.0,牝3,(栗東)森田,2570,1:09.3,532(+4)
芝1200m (右),3,130,54.0,1,ラハイナヌーン,6,北村友,1.7,1,2回小倉10日目 ３歳 ,天気：小雨 / 馬場：良 / 発走：12:45,2019/08/25(日),３歳未勝利,6,2,18.0,牝3,(栗東)山内,0,1:09.5,452(+12)
芝1200m (右),8,1740,56.0,3/4,ブラボーフェスタ,17,岡田,123.2,13,2回小倉10日目 ３歳 ,天気：小雨 / 馬場：良 / 発走：12:45,2019/08/25(日),３歳未勝利,6,3,18.0,セ3,(栗東)浅見,0,1:09.6,452(-8)
芝1200m (右),6,0,51.0,クビ,ジョーカリン,12,▲斎藤,23.3,6,2回小倉10日目 ３歳 ,天気：小雨 / 馬場：良 / 発走：12:45,2019/08/25(日),３歳未勝利,6,4,18.0,牝3,(栗東)中竹,0,1:09.6,412(+12)
芝1200m (右),8,0,56.0,クビ,スマッシングハーツ,18,酒井,15.4,5,2回小倉10日目 ３歳 ,天気：小雨 / 馬場：良 / 発走：12:45,2019/08/25(日),３歳未勝利,6,5,18.0,牡3,(栗東)北出,0,1:09.7,488(+4)
芝1200m (右),6,0,54.0,ハナ,プロポーズ,11,太宰,46.6,9,2回小倉10日目 ３歳 ,天気：小雨 / 馬場：良 / 発走：12:45,2019/08/25(日),３歳未勝利,6,6,18.0,牝3,(栗東)武英,0,1:09.7,434(-6)
芝1200m (右),4,0,56.0,3/4,エイシントキシラズ,7,和田,10.2,4,2回小倉10日目 ３歳 ,天気：小雨 / 馬場：良 / 発走：12:45,2019/08/25(日),３歳未勝利,6,7,18.0,牡3,(栗東)中尾,0,1:09.8,518(0)
芝1200m (右),8,0,56.0,ハナ,ロングファイナリー,16,長岡,114.7,12,2回小倉10日目 ３歳 ,天気：小雨 / 馬場：良 / 発走：12:45,2019/08/25(日),３歳未勝利,6,8,18.0,セ3,(栗東)高橋亮,0,1:09.8,456(+2)
芝1200m (右),5,0,54.0,1/2,ステラバローズ,10,松若,4.8,2,2回小倉10日目 ３歳 ,天気：小雨 / 馬場：良 / 発走：12:45,2019/08/25(日),３歳未勝利,6,9,18.0,牝3,(栗東)角田,0,1:09.9,452(0)
芝1200m (右),7,0,56.0,3/4,ゾロ,13,国分優,146.4,14,2回小倉10日目 ３歳 ,天気：小雨 / 馬場：良 / 発走：12:45,2019/08/25(日),３歳未勝利,6,10,18.0,牡3,(栗東)坂口,0,1:10.0,468(-4)
芝1200m (右),3,0,54.0,1/2,ムギ,5,藤井勘,69.1,11,2回小倉10日目 ３歳 ,天気：小雨 / 馬場：良 / 発走：12:45,2019/08/25(日),３歳未勝利,6,11,18.0,牝3,(栗東)橋田,0,1:10.1,422(0)
芝1200m (右),1,0,56.0,1.3/4,メイショウフェイト,1,川須,275.8,17,2回小倉10日目 ３歳 ,天気：小雨 / 馬場：良 / 発走：12:45,2019/08/25(日),３歳未勝利,6,12,18.0,牡3,(栗東)牧浦,0,1:10.4,466(+2)
芝1200m (右),4,0,51.0,クビ,クリーンガーベラ,8,▲亀田,44.6,8,2回小倉10日目 ３歳 ,天気：小雨 / 馬場：良 / 発走：12:45,2019/08/25(日),３歳未勝利,6,13,18.0,牝3,(栗東)杉山,0,1:10.4,460(+4)
芝1200m (右),2,0,56.0,クビ,ダイシンリカール,3,荻野極,64.5,10,2回小倉10日目 ３歳 ,天気：小雨 / 馬場：良 / 発走：12:45,2019/08/25(日),３歳未勝利,6,14,18.0,牡3,(栗東)庄野,0,1:10.5,498(+2)
芝1200m (右),7,0,54.0,クビ,グレーフィンソニア,15,津村,9.6,3,2回小倉10日目 ３歳 ,天気：小雨 / 馬場：良 / 発走：12:45,2019/08/25(日),３歳未勝利,6,15,18.0,牝3,(栗東)本田,0,1:10.5,464(+4)
芝1200m (右),2,0,54.0,ハナ,サニーサインズ,4,田中健,307.8,18,2回小倉10日目 ３歳 ,天気：小雨 / 馬場：良 / 発走：12:45,2019/08/25(日),３歳未勝利,6,16,18.0,牝3,(栗東)松下,0,1:10.5,394(+4)
芝1200m (右),1,0,56.0,6,メイショウハヤナリ,2,小牧,159.6,15,2回小倉10日目 ３歳 ,天気：小雨 / 馬場：良 / 発走：12:45,2019/08/25(日),３歳未勝利,6,17,18.0,牡3,(栗東)笹田,0,1:11.5,468(+4)
芝1200m (右),5,0,53.0,大,ガバナンスコード,9,▲服部,275.8,16,2回小倉10日目 ３歳 ,天気：小雨 / 馬場：良 / 発走：12:45,2019/08/25(日),３歳未勝利,6,18,18.0,牡3,(栗東)昆,0,1:15.6,506(+6)
ダ1000m (右),3,110,51.0,,ガンケン,4,▲岩田望,2.6,1,2回小倉10日目 ３歳上 ,天気：小雨 / 馬場：良 / 発走：13:15,2019/08/25(日),３歳以上１勝クラス,7,1,14.0,牡3,(栗東)宮本,260,0:59.0,510(-8)
ダ1000m (右),2,120,52.0,1.1/2,リフタスフェルト,2,津村,3.8,2,2回小倉10日目 ３歳上 ,天気：小雨 / 馬場：良 / 発走：13:15,2019/08/25(日),３歳以上１勝クラス,7,2,14.0,牝3,(栗東)鮫島,0,0:59.2,458(-2)
ダ1000m (右),4,230,57.0,1.1/4,メイショウソウビ,6,鮫島良,20.8,7,2回小倉10日目 ３歳上 ,天気：小雨 / 馬場：良 / 発走：13:15,2019/08/25(日),３歳以上１勝クラス,7,3,14.0,セ5,(栗東)飯田祐,0,0:59.4,476(+10)
ダ1000m (右),8,130,55.0,1.1/4,レナータ,13,小崎,5.1,3,2回小倉10日目 ３歳上 ,天気：小雨 / 馬場：良 / 発走：13:15,2019/08/25(日),３歳以上１勝クラス,7,3,14.0,牝4,(栗東)小崎,0,0:59.4,442(0)
ダ1000m (右),7,0,55.0,2,サンマルリトリート,11,藤懸,6.5,4,2回小倉10日目 ３歳上 ,天気：小雨 / 馬場：良 / 発走：13:15,2019/08/25(日),３歳以上１勝クラス,7,5,14.0,牝4,(栗東)山内,0,0:59.7,536(+2)
ダ1000m (右),3,0,52.0,1.1/4,サンマルメジャール,3,▲服部,118.5,11,2回小倉10日目 ３歳上 ,天気：小雨 / 馬場：良 / 発走：13:15,2019/08/25(日),３歳以上１勝クラス,7,6,14.0,牝7,(栗東)山内,0,0:59.9,480(+2)
ダ1000m (右),1,0,49.0,クビ,サイベリアン,1,▲亀田,61.3,9,2回小倉10日目 ３歳上 ,天気：小雨 / 馬場：良 / 発走：13:15,2019/08/25(日),３歳以上１勝クラス,7,7,14.0,牝3,(栗東)藤原英,0,0:59.9,438(+4)
ダ1000m (右),5,0,57.0,1,○地ミンナノシャチョウ,7,酒井,20.7,6,2回小倉10日目 ３歳上 ,天気：小雨 / 馬場：良 / 発走：13:15,2019/08/25(日),３歳以上１勝クラス,7,8,14.0,牡4,(栗東)藤岡,0,1:00.1,508(+2)
ダ1000m (右),4,0,57.0,1.1/2,○地マラビージャ,5,藤井勘,95.7,10,2回小倉10日目 ３歳上 ,天気：小雨 / 馬場：良 / 発走：13:15,2019/08/25(日),３歳以上１勝クラス,7,9,14.0,牡4,(栗東)村山,0,1:00.3,448(-4)
ダ1000m (右),5,0,49.0,3,リネンリボン,8,▲斎藤,9.3,5,2回小倉10日目 ３歳上 ,天気：小雨 / 馬場：良 / 発走：13:15,2019/08/25(日),３歳以上１勝クラス,7,10,14.0,牝3,(栗東)坂口,0,1:00.8,464(+12)
ダ1000m (右),6,0,54.0,2.1/2,メイショウジガネ,9,城戸,213.2,13,2回小倉10日目 ３歳上 ,天気：小雨 / 馬場：良 / 発走：13:15,2019/08/25(日),３歳以上１勝クラス,7,11,14.0,牡3,(栗東)荒川,0,1:01.2,526(0)
ダ1000m (右),7,0,52.0,2.1/2,ガーデンガーデン,12,小牧,54.9,8,2回小倉10日目 ３歳上 ,天気：小雨 / 馬場：良 / 発走：13:15,2019/08/25(日),３歳以上１勝クラス,7,12,14.0,牝3,(栗東)武幸,0,1:01.6,470(+4)
ダ1000m (右),6,0,57.0,クビ,○地アイファーブレーヴ,10,川須,206.7,12,2回小倉10日目 ３歳上 ,天気：小雨 / 馬場：良 / 発走：13:15,2019/08/25(日),３歳以上１勝クラス,7,13,14.0,牡4,(栗東)作田,0,1:01.7,464(-6)
ダ1000m (右),8,0,52.0,1/2,○地ジャンヌ,14,▲三津谷,325.5,14,2回小倉10日目 ３歳上 ,天気：小雨 / 馬場：良 / 発走：13:15,2019/08/25(日),３歳以上１勝クラス,7,14,14.0,牝5,(栗東)作田,0,1:01.8,400(+18)
ダ1700m (右),3,230,51.0,,デュアラブル,4,☆西村淳,5.8,3,2回小倉10日目 ３歳上 ,天気：小雨 / 馬場：良 / 発走：13:45,2019/08/25(日),３歳以上１勝クラス,8,1,15.0,牝3,(栗東)中内田,580,1:46.5,484(-6)
ダ1700m (右),2,290,52.0,1.1/4,サルサレイア,2,和田,9.8,6,2回小倉10日目 ３歳上 ,天気：小雨 / 馬場：良 / 発走：13:45,2019/08/25(日),３歳以上１勝クラス,8,2,15.0,牝3,(栗東)羽月,0,1:46.7,478(+2)
ダ1700m (右),5,970,52.0,1.1/2,ワインレッドローズ,9,酒井,58.3,11,2回小倉10日目 ３歳上 ,天気：小雨 / 馬場：良 / 発走：13:45,2019/08/25(日),３歳以上１勝クラス,8,3,15.0,牝3,(栗東)西園,0,1:46.9,472(-4)
ダ1700m (右),8,0,55.0,1/2,○地イチザティアラ,14,小牧,142.6,13,2回小倉10日目 ３歳上 ,天気：小雨 / 馬場：良 / 発走：13:45,2019/08/25(日),３歳以上１勝クラス,8,4,15.0,牝4,(栗東)服部,0,1:47.0,460(+8)
ダ1700m (右),4,0,52.0,3.1/2,ペプチドフシチョウ,6,太宰,43.5,9,2回小倉10日目 ３歳上 ,天気：小雨 / 馬場：良 / 発走：13:45,2019/08/25(日),３歳以上１勝クラス,8,5,15.0,牝3,(栗東)武英,0,1:47.6,448(+4)
ダ1700m (右),4,0,49.0,3/4,エターナルディーバ,7,▲岩田望,16.8,7,2回小倉10日目 ３歳上 ,天気：小雨 / 馬場：良 / 発走：13:45,2019/08/25(日),３歳以上１勝クラス,8,6,15.0,牝3,(栗東)清水久,0,1:47.7,448(+6)
ダ1700m (右),3,0,52.0,アタマ,シュジンコウ,5,川須,233.0,14,2回小倉10日目 ３歳上 ,天気：小雨 / 馬場：良 / 発走：13:45,2019/08/25(日),３歳以上１勝クラス,8,7,15.0,牝3,(栗東)鮫島,0,1:47.7,466(+4)
ダ1700m (右),5,0,52.0,クビ,マハーラーニー,8,中谷,22.6,8,2回小倉10日目 ３歳上 ,天気：小雨 / 馬場：良 / 発走：13:45,2019/08/25(日),３歳以上１勝クラス,8,8,15.0,牝3,(栗東)池添学,0,1:47.8,460(+2)
ダ1700m (右),7,0,52.0,3/4,ハクサンライラック,13,鮫島良,8.9,5,2回小倉10日目 ３歳上 ,天気：小雨 / 馬場：良 / 発走：13:45,2019/08/25(日),３歳以上１勝クラス,8,9,15.0,牝3,(栗東)飯田雄,0,1:47.9,482(0)
ダ1700m (右),8,0,49.0,1.3/4,サツキサンダー,15,▲斎藤,2.9,1,2回小倉10日目 ３歳上 ,天気：小雨 / 馬場：良 / 発走：13:45,2019/08/25(日),３歳以上１勝クラス,8,10,15.0,牝3,(栗東)寺島,0,1:48.2,450(+8)
ダ1700m (右),6,0,54.0,2.1/2,クロフネプリンセス,11,☆森裕,266.2,15,2回小倉10日目 ３歳上 ,天気：小雨 / 馬場：良 / 発走：13:45,2019/08/25(日),３歳以上１勝クラス,8,11,15.0,牝4,(栗東)高橋康,0,1:48.6,428(-2)
ダ1700m (右),2,0,52.0,クビ,テイクザヘルム,3,北村友,7.0,4,2回小倉10日目 ３歳上 ,天気：小雨 / 馬場：良 / 発走：13:45,2019/08/25(日),３歳以上１勝クラス,8,12,15.0,牝3,(栗東)安田翔,0,1:48.7,476(+4)
ダ1700m (右),7,0,52.0,3/4,ロックザボート,12,▲亀田,94.4,12,2回小倉10日目 ３歳上 ,天気：小雨 / 馬場：良 / 発走：13:45,2019/08/25(日),３歳以上１勝クラス,8,13,15.0,牝4,(栗東)石坂公,0,1:48.8,506(+4)
ダ1700m (右),6,0,55.0,3.1/2,デイジーブリランテ,10,津村,56.5,10,2回小倉10日目 ３歳上 ,天気：小雨 / 馬場：良 / 発走：13:45,2019/08/25(日),３歳以上１勝クラス,8,14,15.0,牝4,(栗東)鮫島,0,1:49.4,464(+8)
ダ1700m (右),1,0,55.0,大,メモリーコバルト,1,秋山,4.9,2,2回小倉10日目 ３歳上 ,天気：小雨 / 馬場：良 / 発走：13:45,2019/08/25(日),３歳以上１勝クラス,8,15,15.0,牝4,(栗東)湯窪,0,1:51.7,474(+10)
芝2000m (右),8,110,54.0,,ダノングレーター,12,松若,2.6,1,2回小倉10日目 ３歳上 ,天気：曇 / 馬場：良 / 発走：14:15,2019/08/25(日),鳥栖特別,9,1,13.0,牡3,(栗東)音無,260,2:00.9,480(+4)
芝2000m (右),2,110,57.0,クビ,ヘブンリーデイズ,2,川須,2.7,2,2回小倉10日目 ３歳上 ,天気：曇 / 馬場：良 / 発走：14:15,2019/08/25(日),鳥栖特別,9,2,13.0,牡4,(栗東)矢作,0,2:00.9,448(-2)
芝2000m (右),6,140,54.0,1/2,リーガルメイン,8,藤井勘,3.9,3,2回小倉10日目 ３歳上 ,天気：曇 / 馬場：良 / 発走：14:15,2019/08/25(日),鳥栖特別,9,3,13.0,牡3,(栗東)橋口,0,2:01.0,454(+12)
芝2000m (右),3,0,55.0,3/4,アリストライン,3,北村友,27.0,6,2回小倉10日目 ３歳上 ,天気：曇 / 馬場：良 / 発走：14:15,2019/08/25(日),鳥栖特別,9,4,13.0,牝4,(栗東)高野,0,2:01.1,478(+10)
芝2000m (右),7,0,52.0,3/4,リッカローズ,11,津村,67.0,9,2回小倉10日目 ３歳上 ,天気：曇 / 馬場：良 / 発走：14:15,2019/08/25(日),鳥栖特別,9,5,13.0,牝3,(栗東)鮫島,0,2:01.3,458(-6)
芝2000m (右),5,0,55.0,クビ,ワタシヲマッテル,6,西村淳,12.0,4,2回小倉10日目 ３歳上 ,天気：曇 / 馬場：良 / 発走：14:15,2019/08/25(日),鳥栖特別,9,6,13.0,牝4,(美浦)粕谷,0,2:01.3,468(-4)
芝2000m (右),4,0,57.0,1.1/4,ミーティアトレイル,5,中谷,19.9,5,2回小倉10日目 ３歳上 ,天気：曇 / 馬場：良 / 発走：14:15,2019/08/25(日),鳥栖特別,9,7,13.0,牡4,(栗東)池添学,0,2:01.5,466(+4)
芝2000m (右),6,0,54.0,1.3/4,ヤマカツシシマル,9,荻野極,94.8,11,2回小倉10日目 ３歳上 ,天気：曇 / 馬場：良 / 発走：14:15,2019/08/25(日),鳥栖特別,9,8,13.0,牡3,(栗東)谷,0,2:01.8,480(0)
芝2000m (右),7,0,54.0,3/4,レッドムルガン,10,和田,48.9,8,2回小倉10日目 ３歳上 ,天気：曇 / 馬場：良 / 発走：14:15,2019/08/25(日),鳥栖特別,9,9,13.0,牡3,(栗東)松永幹,0,2:01.9,492(+6)
芝2000m (右),4,0,54.0,2.1/2,アルベニス,4,岩崎,88.7,10,2回小倉10日目 ３歳上 ,天気：曇 / 馬場：良 / 発走：14:15,2019/08/25(日),鳥栖特別,9,10,13.0,牡3,(栗東)橋田,0,2:02.3,444(-12)
芝2000m (右),1,0,52.0,2.1/2,ナナカマドカ,1,酒井,226.8,13,2回小倉10日目 ３歳上 ,天気：曇 / 馬場：良 / 発走：14:15,2019/08/25(日),鳥栖特別,9,11,13.0,牝3,(栗東)佐々木,0,2:02.7,472(+8)
芝2000m (右),5,0,54.0,ハナ,マジェスティ,7,斎藤,39.5,7,2回小倉10日目 ３歳上 ,天気：曇 / 馬場：良 / 発走：14:15,2019/08/25(日),鳥栖特別,9,12,13.0,牡3,(栗東)杉山,0,2:02.7,418(-2)
芝2000m (右),8,0,54.0,1/2,キタサンブラウン,13,高倉,124.3,12,2回小倉10日目 ３歳上 ,天気：曇 / 馬場：良 / 発走：14:15,2019/08/25(日),鳥栖特別,9,13,13.0,牡3,(栗東)清水久,0,2:02.8,520(0)
芝1200m (右),6,470,51.0,,○地エムティアン,12,松若,13.9,6,2回小倉10日目 ３歳上 ,天気：曇 / 馬場：良 / 発走：14:50,2019/08/25(日),別府特別,10,1,16.0,牝3,(栗東)鮫島,1390,1:08.0,444(+4)
芝1200m (右),1,180,55.0,クビ,○地メイショウキョウジ,1,秋山,3.4,1,2回小倉10日目 ３歳上 ,天気：曇 / 馬場：良 / 発走：14:50,2019/08/25(日),別府特別,10,2,16.0,牡4,(栗東)藤岡,0,1:08.0,472(+4)
芝1200m (右),6,510,52.0,クビ,メジェールスー,11,小崎,22.6,8,2回小倉10日目 ３歳上 ,天気：曇 / 馬場：良 / 発走：14:50,2019/08/25(日),別府特別,10,3,16.0,牝4,(栗東)藤原英,0,1:08.1,470(+4)
芝1200m (右),3,0,52.0,2.1/2,トンボイ,5,川須,35.8,10,2回小倉10日目 ３歳上 ,天気：曇 / 馬場：良 / 発走：14:50,2019/08/25(日),別府特別,10,4,16.0,牝4,(栗東)西園,0,1:08.5,436(+2)
芝1200m (右),3,0,54.0,1/2,マリエラ,6,津村,15.9,7,2回小倉10日目 ３歳上 ,天気：曇 / 馬場：良 / 発走：14:50,2019/08/25(日),別府特別,10,5,16.0,牡6,(栗東)鮫島,0,1:08.6,514(-12)
芝1200m (右),2,0,53.0,クビ,シグナライズ,4,西村淳,4.3,2,2回小倉10日目 ３歳上 ,天気：曇 / 馬場：良 / 発走：14:50,2019/08/25(日),別府特別,10,6,16.0,牝4,(栗東)西浦,0,1:08.6,486(0)
芝1200m (右),7,0,53.0,ハナ,トウカイレーヌ,14,斎藤,8.5,4,2回小倉10日目 ３歳上 ,天気：曇 / 馬場：良 / 発走：14:50,2019/08/25(日),別府特別,10,7,16.0,牝5,(栗東)安田隆,0,1:08.6,432(+2)
芝1200m (右),7,0,52.0,1/2,リュニヴェール,13,田中健,82.9,13,2回小倉10日目 ３歳上 ,天気：曇 / 馬場：良 / 発走：14:50,2019/08/25(日),別府特別,10,8,16.0,牝4,(栗東)浅見,0,1:08.7,472(+10)
芝1200m (右),4,0,54.0,1.1/4,ウィズ,7,和田,9.2,5,2回小倉10日目 ３歳上 ,天気：曇 / 馬場：良 / 発走：14:50,2019/08/25(日),別府特別,10,9,16.0,牡4,(栗東)清水久,0,1:08.9,482(+2)
芝1200m (右),5,0,51.0,1/2,○外トップソリスト,10,岩田望,5.1,3,2回小倉10日目 ３歳上 ,天気：曇 / 馬場：良 / 発走：14:50,2019/08/25(日),別府特別,10,10,16.0,牝3,(栗東)中竹,0,1:09.0,462(0)
芝1200m (右),4,0,52.0,クビ,メープル,8,藤懸,42.3,12,2回小倉10日目 ３歳上 ,天気：曇 / 馬場：良 / 発走：14:50,2019/08/25(日),別府特別,10,11,16.0,牝4,(栗東)小崎,0,1:09.0,506(-6)
芝1200m (右),8,0,54.0,2,ショウナンアヴィド,16,酒井,40.9,11,2回小倉10日目 ３歳上 ,天気：曇 / 馬場：良 / 発走：14:50,2019/08/25(日),別府特別,10,12,16.0,牡6,(栗東)須貝,0,1:09.3,492(0)
芝1200m (右),8,0,53.0,1.1/4,○地トニーファイブ,15,荻野極,343.5,16,2回小倉10日目 ３歳上 ,天気：曇 / 馬場：良 / 発走：14:50,2019/08/25(日),別府特別,10,13,16.0,セ4,(栗東)森,0,1:09.5,436(-6)
芝1200m (右),2,0,53.0,8,ミカエルシチー,3,北村友,29.3,9,2回小倉10日目 ３歳上 ,天気：曇 / 馬場：良 / 発走：14:50,2019/08/25(日),別府特別,10,14,16.0,牡7,(栗東)橋口,0,1:10.9,522(-10)
芝1200m (右),1,0,50.0,1.3/4,ダンツブライト,2,亀田,105.7,14,2回小倉10日目 ３歳上 ,天気：曇 / 馬場：良 / 発走：14:50,2019/08/25(日),別府特別,10,15,16.0,牝3,(栗東)谷,0,1:11.2,460(-4)
芝1200m (右),5,0,50.0,大,カシノティーダ,9,高倉,338.8,15,2回小倉10日目 ３歳上 ,天気：曇 / 馬場：良 / 発走：14:50,2019/08/25(日),別府特別,10,16,16.0,牝3,(栗東)田所,0,1:13.2,488(-2)
芝1800m (右),1,300,54.0,,アロハリリー,1,酒井,7.7,4,2回小倉10日目 ３歳上 ３歳上オープン,天気：曇 / 馬場：良 / 発走：15:25,2019/08/25(日),小倉日経ＯＰ ,11,1,13.0,牝4,(栗東)高野,770,1:46.4,460(+6)
芝1800m (右),4,1110,57.0,クビ,ベステンダンク,5,秋山,48.5,11,2回小倉10日目 ３歳上 ３歳上オープン,天気：曇 / 馬場：良 / 発走：15:25,2019/08/25(日),小倉日経ＯＰ ,11,2,13.0,牡7,(栗東)安達,0,1:46.4,512(+4)
芝1800m (右),3,360,54.0,クビ,ハイヒール,3,高倉,14.2,8,2回小倉10日目 ３歳上 ３歳上オープン,天気：曇 / 馬場：良 / 発走：15:25,2019/08/25(日),小倉日経ＯＰ ,11,3,13.0,牝4,(栗東)清水久,0,1:46.5,450(+2)
芝1800m (右),6,0,58.0,ハナ,○地マウントゴールド,8,藤井勘,10.1,7,2回小倉10日目 ３歳上 ３歳上オープン,天気：曇 / 馬場：良 / 発走：15:25,2019/08/25(日),小倉日経ＯＰ ,11,4,13.0,牡6,(栗東)池江,0,1:46.5,448(+6)
芝1800m (右),8,0,56.0,1.1/4,サーブルオール,12,津村,8.2,5,2回小倉10日目 ３歳上 ３歳上オープン,天気：曇 / 馬場：良 / 発走：15:25,2019/08/25(日),小倉日経ＯＰ ,11,5,13.0,牡6,(美浦)萩原,0,1:46.7,486(-4)
芝1800m (右),5,0,56.0,アタマ,ジョルジュサンク,6,川須,59.3,12,2回小倉10日目 ３歳上 ３歳上オープン,天気：曇 / 馬場：良 / 発走：15:25,2019/08/25(日),小倉日経ＯＰ ,11,6,13.0,牡6,(栗東)鮫島,0,1:46.7,528(-4)
芝1800m (右),4,0,56.0,ハナ,トリコロールブルー,4,和田,3.1,1,2回小倉10日目 ３歳上 ３歳上オープン,天気：曇 / 馬場：良 / 発走：15:25,2019/08/25(日),小倉日経ＯＰ ,11,7,13.0,牡5,(栗東)友道,0,1:46.7,494(-8)
芝1800m (右),7,0,56.0,2,ケイティクレバー,10,松若,25.7,9,2回小倉10日目 ３歳上 ３歳上オープン,天気：曇 / 馬場：良 / 発走：15:25,2019/08/25(日),小倉日経ＯＰ ,11,8,13.0,牡4,(栗東)杉山,0,1:47.0,460(+8)
芝1800m (右),5,0,56.0,アタマ,ボールライトニング,7,西村淳,28.4,10,2回小倉10日目 ３歳上 ３歳上オープン,天気：曇 / 馬場：良 / 発走：15:25,2019/08/25(日),小倉日経ＯＰ ,11,9,13.0,牡6,(栗東)宮本,0,1:47.0,516(-8)
芝1800m (右),8,0,53.0,ハナ,マイネルフラップ,13,国分優,8.6,6,2回小倉10日目 ３歳上 ３歳上オープン,天気：曇 / 馬場：良 / 発走：15:25,2019/08/25(日),小倉日経ＯＰ ,11,10,13.0,牡3,(栗東)梅田,0,1:47.0,486(+22)
芝1800m (右),7,0,56.0,1.1/4,アウトライアーズ,11,斎藤,6.8,2,2回小倉10日目 ３歳上 ３歳上オープン,天気：曇 / 馬場：良 / 発走：15:25,2019/08/25(日),小倉日経ＯＰ ,11,11,13.0,牡5,(美浦)小島,0,1:47.2,494(+4)
芝1800m (右),2,0,57.0,1/2,レトロロック,2,北村友,7.6,3,2回小倉10日目 ３歳上 ３歳上オープン,天気：曇 / 馬場：良 / 発走：15:25,2019/08/25(日),小倉日経ＯＰ ,11,12,13.0,牡7,(栗東)角居,0,1:47.3,484(+2)
芝1800m (右),6,0,56.0,1,プラチナムバレット,9,岡田,85.2,13,2回小倉10日目 ３歳上 ３歳上オープン,天気：曇 / 馬場：良 / 発走：15:25,2019/08/25(日),小倉日経ＯＰ ,11,13,13.0,牡5,(栗東)河内,0,1:47.5,484(+4)
ダ1000m (右),1,370,55.0,,○地シャワーブーケ,1,松若,11.8,5,2回小倉10日目 ３歳上 ,天気：曇 / 馬場：良 / 発走：16:05,2019/08/25(日),３歳以上２勝クラス,12,1,14.0,牝5,(栗東)今野,1180,0:58.3,484(-4)
ダ1000m (右),5,370,52.0,2.1/2,ミスズマンボ,8,▲岩田望,15.3,6,2回小倉10日目 ３歳上 ,天気：曇 / 馬場：良 / 発走：16:05,2019/08/25(日),３歳以上２勝クラス,12,2,14.0,牝6,(栗東)安田翔,0,0:58.7,450(-6)
ダ1000m (右),4,240,57.0,クビ,コウエイアンカ,6,北村友,6.4,4,2回小倉10日目 ３歳上 ,天気：曇 / 馬場：良 / 発走：16:05,2019/08/25(日),３歳以上２勝クラス,12,3,14.0,セ4,(栗東)森,0,0:58.7,478(+4)
ダ1000m (右),3,0,55.0,クビ,ウイナーズロード,4,義,91.0,14,2回小倉10日目 ３歳上 ,天気：曇 / 馬場：良 / 発走：16:05,2019/08/25(日),３歳以上２勝クラス,12,4,14.0,牝5,(美浦)天間,0,0:58.8,422(-6)
ダ1000m (右),7,0,55.0,2,スターペスマリア,11,太宰,4.4,3,2回小倉10日目 ３歳上 ,天気：曇 / 馬場：良 / 発走：16:05,2019/08/25(日),３歳以上２勝クラス,12,5,14.0,牝5,(栗東)石橋,0,0:59.1,490(0)
ダ1000m (右),7,0,52.0,1.1/2,ファビュラスギフト,12,津村,4.2,1,2回小倉10日目 ３歳上 ,天気：曇 / 馬場：良 / 発走：16:05,2019/08/25(日),３歳以上２勝クラス,12,6,14.0,牝3,(栗東)武英,0,0:59.3,452(-2)
ダ1000m (右),2,0,54.0,アタマ,バルコラベーロ,2,▲斎藤,21.1,7,2回小倉10日目 ３歳上 ,天気：曇 / 馬場：良 / 発走：16:05,2019/08/25(日),３歳以上２勝クラス,12,7,14.0,牡5,(栗東)梅田,0,0:59.3,490(+8)
ダ1000m (右),6,0,55.0,クビ,オンリーワンスター,9,岩崎,32.5,11,2回小倉10日目 ３歳上 ,天気：曇 / 馬場：良 / 発走：16:05,2019/08/25(日),３歳以上２勝クラス,12,8,14.0,牝6,(栗東)渡辺,0,0:59.4,470(+14)
ダ1000m (右),6,0,57.0,1.1/4,アウトバーン,10,小牧,43.7,12,2回小倉10日目 ３歳上 ,天気：曇 / 馬場：良 / 発走：16:05,2019/08/25(日),３歳以上２勝クラス,12,9,14.0,牡4,(栗東)服部,0,0:59.6,472(+5)
ダ1000m (右),8,0,57.0,1.1/4,スナークライデン,14,酒井,26.8,10,2回小倉10日目 ３歳上 ,天気：曇 / 馬場：良 / 発走：16:05,2019/08/25(日),３歳以上２勝クラス,12,10,14.0,牡5,(栗東)川村,0,0:59.8,478(-2)
ダ1000m (右),5,0,52.0,1/2,スタークォーツ,7,和田,4.2,2,2回小倉10日目 ３歳上 ,天気：曇 / 馬場：良 / 発走：16:05,2019/08/25(日),３歳以上２勝クラス,12,11,14.0,牝3,(栗東)寺島,0,0:59.9,476(+2)
ダ1000m (右),3,0,55.0,アタマ,リリーメーカー,3,鮫島良,61.4,13,2回小倉10日目 ３歳上 ,天気：曇 / 馬場：良 / 発走：16:05,2019/08/25(日),３歳以上２勝クラス,12,12,14.0,牝5,(栗東)長谷川,0,0:59.9,518(0)
ダ1000m (右),8,0,55.0,1.1/2,ナンクルナイサー,13,川須,21.5,8,2回小倉10日目 ３歳上 ,天気：曇 / 馬場：良 / 発走：16:05,2019/08/25(日),３歳以上２勝クラス,12,13,14.0,牝4,(栗東)宮,0,1:00.1,468(+2)
ダ1000m (右),4,0,52.0,クビ,ヤサシサ,5,▲亀田,25.1,9,2回小倉10日目 ３歳上 ,天気：曇 / 馬場：良 / 発走：16:05,2019/08/25(日),３歳以上２勝クラス,12,14,14.0,牝5,(栗東)奥村豊,0,1:00.2,514(+2)
